id,val,x1,y1,x,y,form,text
carn,1,156,898,0.0380859375,0.4384765625,poly,
carn,1,176,898,0.04296875,0.4384765625,poly,
carn,1,176,974,0.04296875,0.4755859375,poly,
carn,1,156,973,0.0380859375,0.4750976563,poly,
carn,1,156,898,0.0380859375,0.4384765625,poly,
carn,1,156,898,0.0380859375,0.4384765625,text,carniceria hispana