term,count,rank,street,highlight
stop,1304417,1,1,
one way,1145477,2,1,
no,482811,3,,
enter,419849,4,1,
anytime,418534,5,1,
do not,416779,6,1,
parking,409678,7,1,
no standing,397351,8,1,
speed,370945,9,1,
no parking,310687,10,1,
only,298250,11,1,
limit,292067,12,1,
ahead,286576,13,1,
school,232811,14,1,
open,228737,15,,
atm,211704,16,,
exit,183533,17,1,
end,182011,18,1,
for,130516,19,,
bump,128795,20,1,
dead,128465,21,1,
city,126802,22,,
st,119110,23,1,
deli,118271,24,,
pharmacy,117266,25,,
traffic,115416,26,1,
service,112118,27,,
photo,104667,28,,
all,103182,29,,
available,101722,30,,
school bus,98749,31,,
nypd,96443,32,,
fedex,95875,33,,
restaurant,95370,34,,
lane,95162,35,1,
south,91254,36,1,
park,91072,37,1,
cash,90344,38,,
nyc,89931,39,,
except sunday,87331,40,1,
grocery,86606,41,,
north,85312,42,1,
west,84472,43,1,
enforced,84384,44,1,
east,83490,45,1,
road,81711,46,1,
center,81671,47,1,
shop,81519,48,,
truck,80566,49,1,
for rent,79880,50,,
here,77976,51,,
free,76997,52,,
new,76482,53,,
av,75448,54,1,
pizza,74178,55,,
post,72603,56,,
sale,70873,57,,
free delivery,70857,58,,
fedders,70687,59,,
subway,69906,60,,
driveway,66353,61,1,
bills,65016,62,,
entrance,64804,63,,
king,64671,64,,
auto,64639,65,1,
all way,64083,66,1,
police,63957,67,,
bus,62071,68,1,
route,61428,69,1,
laundromat,61032,70,,
cleaners,60619,71,,
bike lane,60592,72,1,
zone,60344,73,1,
new york,59787,74,,
monday  friday,59324,75,1,
for sale,58924,76,,
standing,58668,77,1,
jeep,57831,78,,
manhattan,57007,79,,
verizon,56990,80,,
chase,56890,81,,
office,55797,82,,
express,54768,83,,
rent,54713,84,,
food,54540,85,,
uhaul,54277,86,,
mph,54187,87,1,
broadway,53846,88,,
keep,52850,89,,
brooklyn,52018,90,,
mobil,51475,91,,
xing,50566,92,1,
signal,50386,93,,
car,50342,94,1,
caution,49036,95,,
shared,48993,96,,
warning,48923,97,,
thursday,48382,98,1,
avenue,48033,99,1,
work,47980,100,,
vehicles,47846,101,,
space,47222,102,,
friday,47176,103,,
right lane,47030,104,1,
inc,46051,105,,
nails,45856,106,,
ice,45764,107,,
trucks,45729,108,,
ave,45314,109,1,
bronx,45044,110,,
for lease,44981,111,,
tuesday,43941,112,,
red,43603,113,1,
queens,43505,114,,
closed,43396,115,,
metered,43382,116,,
welcome,43332,117,,
buses only,43332,118,1,
emergency,42904,119,,
local,42659,120,1,
mon,41652,121,,
store,41648,122,,
danger,41638,123,,
right,41613,124,,
furniture,40902,125,,
coffee,40654,126,,
wash,40629,127,,
monday,40050,128,,
citi bike,39933,129,,
ny,39541,130,,
green,39238,131,,
must,38907,132,1,
commercial,38603,133,,
penske,38253,134,,
market,38123,135,,
hours,38002,136,,
salon,37522,137,,
new york city bus,37470,138,,
repair,37235,139,,
bar,37225,140,,
passenger,37110,141,1,
bike route,36942,142,1,
now,36933,143,,
barber shop,36493,144,,
special,36203,145,,
cars,36145,146,1,
light,36081,147,1,
play,36042,148,,
block,35689,149,,
buses,35653,150,1,
car wash,35421,151,,
building,35312,152,,
24 hour,35261,153,,
construction,35032,154,,
phone,34875,155,,
cars only,34104,156,1,
com,33720,157,,
bank,33325,158,,
left lane,33207,159,1,
mcdonalds,33150,160,,
storage,32795,161,,
honda,32350,162,,
expwy,32171,163,,
tues,31937,164,,
insurance,31919,165,,
and,31915,166,,
bridge,31739,167,,
school days,31710,168,,
york,31624,169,,
donuts,31511,170,,
time,31315,171,,
go,31135,172,,
retail,31128,173,,
delivery,31118,174,,
gulf,31006,175,,
wrong,30582,176,,
here on,30565,177,,
turns,30068,178,,
no stopping,30014,179,,
yodock,29791,180,,
corp,29734,181,,
mobile,29693,182,,
active,29642,183,,
official,29544,184,,
left,29375,185,,
slow,29129,186,,
ryder,29076,187,,
clearance,28932,188,,
we deliver for you,28930,189,,
mon  fri,28903,190,,
beauty,28806,191,,
fri,28655,192,1,
passenger cars only,28652,193,1,
fresh,28473,194,,
services,28178,195,,
open 7 days,28141,196,,
notice,28105,197,,
24 hrs,27881,198,,
street,27790,199,1,
registered,27759,200,,
metro,27643,201,,
breakfast,27323,202,,
wwwuspscom,27224,203,,
clear,27067,204,,
top,26828,205,,
from,26769,206,,
apartments,26726,207,,
motor vehicle,26506,208,1,
citibank,26449,209,,
state of new york,26314,210,,
diesel,26294,211,,
thru,26250,212,1,
authorized,26210,213,,
citgo,25908,214,,
emergency exit,25780,215,,
area,25728,216,,
bakery,25559,217,,
operator,25491,218,,
24 hours,25400,219,,
your,25323,220,,
truck rental,25106,221,,
toyota,25004,222,,
fire,24971,223,,
deli grocery,24722,224,,
hour,24669,225,,
rentals,24465,226,,
boulevard,24293,227,,
permit,24233,228,,
sidewalk,24218,229,1,
pkwy,23953,230,1,
repair shop,23887,231,,
medical,23887,232,,
liquors,23764,233,,
real estate,23682,234,,
chicken,23650,235,,
ebt,23561,236,,
spa,23554,237,,
accessaride,23542,238,,
we buy,23469,239,,
tax,23390,240,,
dunkin,23374,241,,
beauty salon,23351,242,,
best,23349,243,,
vehicles only,23334,244,1,
grand,23028,245,,
care,22993,246,,
sanitation,22907,247,,
exit only,22871,248,1,
open 24 hours,22839,249,,
home,22610,250,,
any,22550,251,,
lotto,22461,252,,
call,22354,253,,
moving,22300,254,,
hardware,22245,255,,
please,21866,256,,
turn left,21816,257,1,
supermarket,21803,258,,
drive,21786,259,,
smoking,21762,260,,
hard hat,21702,261,,
speed checked,21631,262,1,
lease,21488,263,,
loading,21431,264,,
cafe,21373,265,,
830am  10am,21372,266,1,
hospital,21369,267,,
grill,21335,268,,
isuzu,21280,269,,
dentist,21264,270,,
discount,21261,271,,
ups,21229,272,,
del,21120,273,,
deliveries,21018,274,,
private,20851,275,,
barber,20840,276,,
ground,20832,277,,
lone,20813,278,,
1130am  1pm,20803,279,1,
bus lane,20730,280,1,
dental,20691,281,,
by radar,20679,282,,
dogle,20640,283,,
ambulance,20558,284,,
glass,20505,285,,
dont,20459,286,,
buy,20377,287,,
ne way,20375,288,1,
supply,20181,289,,
connection,20131,290,,
key food,20129,291,,
lunch,20109,292,,
security,20104,293,,
whitestone br,20087,294,,
gold,20076,295,,
dry,20064,296,,
you,19955,297,,
college,19806,298,,
two,19765,299,,
nail,19655,300,,
any time,19630,301,1,
popeyes,19544,302,,
staples,19487,303,,
houses,19398,304,,
kennedy airport,19332,305,,
wait,19099,306,,
detour,19079,307,1,
stof,18965,308,1,
budget,18908,309,,
sandwiches,18906,310,,
ale,18866,311,,
tel,18813,312,,
pilot,18781,313,,
off,18774,314,,
grand central pkwy,18688,315,,
interstate,18660,316,1,
star,18625,317,,
m p h,18561,318,1,
thurs,18545,319,,
beer,18497,320,,
auto repair,18455,321,,
unisex,18455,322,,
liberty,18414,323,,
cvs,18362,324,,
super,18333,325,,
deli  grocery,18306,326,,
active driveway,18206,327,,
health,18191,328,,
clean,18099,329,,
boost,18090,330,,
church,18063,331,,
intersection,18055,332,1,
saturday,17962,333,,
use,17953,334,,
hotel,17829,335,,
house,17789,336,,
property,17758,337,,
inspection station,17705,338,1,
public,17692,339,,
income tax,17590,340,,
left turn,17574,341,1,
wine,17525,342,,
open 24 hrs,17460,343,,
9am  7pm,17416,344,,
hair,17136,345,,
catering,17058,346,,
welcome to,17051,347,,
wholesale,16984,348,,
trespassing,16934,349,,
2 av,16929,350,,
station,16926,351,,
pepsi,16917,352,,
rite,16904,353,,
burger,16886,354,,
kings,16868,355,,
plow,16845,356,,
self storage,16820,357,,
clean air hybrid electric bus,16802,358,,
turn,16760,359,1,
realty,16678,360,,
cubesmart,16624,361,,
sales,16616,362,,
cat,16554,363,,
access,16515,364,,
raise,16466,365,,
thank you,16434,366,,
allstate,16423,367,,
place,16378,368,,
plaza,16363,369,,
over,16311,370,,
business,16085,371,,
royal,16083,372,,
acars,16049,373,,
right turns,16011,374,1,
except local,16007,375,,
thermo king,16004,376,,
american,15946,377,,
retail space,15881,378,,
plumbing,15800,379,,
corona,15696,380,,
farmacia,15660,381,,
van wyck expwy,15619,382,,
we deliver,15608,383,,
930am  11am,15595,384,1,
not,15583,385,,
fines,15575,386,,
tires,15553,387,,
no stand,15549,388,,
family,15517,389,,
air conditioner,15502,390,,
shoes,15497,391,,
liquor,15496,392,,
supplies,15456,393,,
7am  7pm,15416,394,,
rfk br,15356,395,,
outlet,15328,396,,
more,15286,397,,
www,15281,398,,
rite aid,15246,399,,
we accept,15243,400,,
12 mile,15218,401,,
wednesday,15160,402,,
diner,15093,403,,
bikes,14993,404,,
except,14982,405,,
eleven,14926,406,,
chinese,14914,407,,
no parkin,14880,408,,
no standin,14860,409,,
are,14846,410,,
½2 mile,14836,411,,
union,14786,412,,
worldwide services,14711,413,,
con,14674,414,,
mount,14623,415,,
town,14586,416,,
pizzeria,14376,417,,
optical,14358,418,,
att,14345,419,,
department,14252,420,,
milea,14201,421,,
sabrett,14194,422,,
day,14179,423,,
united,14164,424,,
5 av,14123,425,,
plus,14116,426,,
laundry,14100,427,,
10 bills,14094,428,,
inspection,14080,429,,
schoo,13900,430,,
air,13823,431,,
parkin,13779,432,,
mile,13733,433,,
injured,13726,434,,
halal,13646,435,,
8am  6pm,13598,436,,
sprinklers,13579,437,,
big,13564,438,,
fed,13552,439,,
lottery,13540,440,,
no standi,13526,441,,
morgan,13424,442,,
wed,13421,443,,
parts,13370,444,,
gas,13369,445,,
kennedy,13363,446,,
now open,13328,447,,
jewelry,13244,448,,
oil change,13242,449,,
good,13147,450,,
with,13142,451,,
enterprise,13132,452,,
repairs,13115,453,,
northern,13085,454,,
sinai,13061,455,,
friedrich,13045,456,,
main,13028,457,,
sunday,12944,458,,
next left,12932,459,,
kitchen,12882,460,,
auto body,12879,461,,
quality,12865,462,,
emissions,12850,463,,
wines,12811,464,,
arking,12801,465,,
sprint,12791,466,,
sunoco,12780,467,,
altima,12703,468,,
cans,12689,469,,
only only,12661,470,,
hrs,12614,471,,
community,12607,472,,
7am  4pm,12597,473,,
hot,12569,474,,
body,12562,475,,
metropcs,12541,476,,
fedexcom,12531,477,,
starbucks,12518,478,,
food mart,12506,479,,
dumping,12504,480,,
everest,12498,481,,
drop off,12426,482,,
prime,12422,483,,
titan,12370,484,,
wanted,12362,485,,
aid,12288,486,,
empire,12266,487,,
world,12183,488,,
may,12153,489,,
siamese,12134,490,,
law,12134,491,,
fast,12108,492,,
drive thru,12089,493,,
8am  7pm,12080,494,,
getty,12066,495,,
new york city,12009,496,,
next right,11989,497,,
foods,11987,498,,
university,11965,499,,
box,11965,500,,
national,11873,501,,
wide,11861,502,,
starbucks coffee,11838,503,,
metropolitan,11818,504,,
chevrolet,11798,505,,
par,11727,506,,
hr block,11725,507,,
sch,11709,508,,
dals,11681,509,,
rogue,11667,510,,
bud,11667,511,,
stand,11665,512,,
inside,11657,513,,
collision,11618,514,,
blink,11558,515,,
no trespassing,11554,516,,
credit,11551,517,,
wwwupscom,11487,518,,
tyvek,11458,519,,
rock,11454,520,,
mino,11414,521,,
transportation,11413,522,,
nissan,11400,523,,
dinner,11394,524,,
medical center,11358,525,,
jamaica,11336,526,,
municipal,11328,527,,
towed away,11240,528,,
duanereade,11234,529,,
beware,11192,530,,
14 mile,11174,531,,
verrazano br,11173,532,,
chinese food to take out,11139,533,,
rockaway,11135,534,,
albany,11133,535,,
residential,11129,536,,
ace,11083,537,,
marshalls,11076,538,,
onix,11060,539,,
ambulette,11032,540,,
4 cars,11030,541,,
3 av,11026,542,,
scho,11012,543,,
gie,11004,544,,
midtown tun,11000,545,,
central,10960,546,,
fried chicken,10942,547,,
sme,10906,548,,
fire zone,10883,549,,
dry cleaning,10876,550,,
benjamin,10876,551,,
studio,10868,552,,
gmc,10866,553,,
eme,10848,554,,
sleepys,10843,555,,
tire,10838,556,,
throgs neck br,10833,557,,
99c,10821,558,,
state,10811,559,,
ine,10806,560,,
7am  6pm,10797,561,,
atlantic,10792,562,,
certified,10785,563,,
no smoking,10776,564,,
yield,10770,565,,
dog,10759,566,,
opening,10756,567,,
soon,10739,568,,
tay,10738,569,,
except trucks,10725,570,,
side,10722,571,,
signs,10713,572,,
education,10710,573,,
professionalism,10703,574,,
junk,10698,575,,
garden,10682,576,,
grand opening,10631,577,,
sushi,10618,578,,
coming soon,10590,579,,
academy,10567,580,,
jfk,10525,581,,
moore,10505,582,,
deal,10500,583,,
9am  1030am,10498,584,,
quick,10489,585,,
next,10472,586,,
required,10464,587,,
park av,10459,588,,
delayed,10451,589,,
international,10441,590,,
self,10411,591,,
stopi,10399,592,,
voice,10393,593,,
гор,10377,594,,
pen,10374,595,,
fede,10366,596,,
fine,10364,597,,
flowers,10360,598,,
sprinkler,10358,599,,
hill,10355,600,,
keep left,10348,601,,
belt pkwy,10347,602,,
island,10345,603,,
museum,10338,604,,
scaffolding inc,10309,605,,
keep right,10297,606,,
litter,10295,607,,
keep out,10291,608,,
dry cleaners,10285,609,,
can,10283,610,,
ers,10279,611,,
clothing,10262,612,,
checks,10262,613,,
travel,10260,614,,
sta,10255,615,,
fax,10237,616,,
ice cream,10226,617,,
lincoln,10224,618,,
mart,10215,619,,
man,10206,620,,
river,10195,621,,
trailers,10181,622,,
law office,10174,623,,
emergency door,10165,624,,
fitness,10161,625,,
cleaning,10157,626,,
jols,10149,627,,
dept of,10144,628,,
ram,10132,629,,
34 mile,10126,630,,
western,10104,631,,
printing,10102,632,,
kfc,10094,633,,
wic,10073,634,,
electrical,10056,635,,
drivers,10055,636,,
min,10051,637,,
mon thru fri,10039,638,,
out,10034,639,,
chool,10031,640,,
4pm  7pm,10023,641,,
income,10009,642,,
flat,10006,643,,
fish,9993,644,,
medical office,9971,645,,
est,9971,646,,
fee,9945,648,,
monthly,9941,649,,
mita,9931,650,,
real,9927,651,,
litter removal,9925,652,,
fios,9923,653,,
walgreens,9904,654,,
professional,9888,655,,
fare,9883,656,,
exit 5,9874,657,,
gourmet,9861,658,,
ent,9845,659,,
urgent care,9840,660,,
atlantic av,9838,661,,
fdny,9828,662,,
oto,9812,663,,
son,9796,664,,
1130 am,9782,665,,
save,9776,666,,
supermarkets,9734,667,,
men,9711,668,,
seafood,9706,669,,
lotter,9681,670,,
dont block,9679,671,,
spring,9661,672,,
back,9653,673,,
surveillance,9650,674,,
beauty supply,9608,675,,
copies,9602,676,,
ria,9595,677,,
of dog,9594,678,,
extra,9593,679,,
roofing,9572,680,,
our,9549,681,,
attention,9545,682,,
safety,9527,683,,
linknyc,9511,684,,
parkway,9508,685,,
bike,9499,686,,
citi,9489,687,,
one nay,9475,688,,
lounge,9428,689,,
love,9426,690,,
ends,9402,691,,
stay,9400,692,,
donate,9373,693,,
pasta,9369,694,,
one may,9357,695,,
chinese restaurant,9347,696,,
boro,9345,697,,
99¢,9345,698,,
leasing,9343,699,,
cbre,9341,700,,
head,9331,701,,
snow,9330,702,,
geico,9326,703,,
shoe,9305,704,,
cas,9301,705,,
rental,9275,706,,
24 hr,9268,707,,
walk,9248,708,,
staten island,9243,709,,
brakes,9222,710,,
hair salon,9194,711,,
group,9183,712,,
art,9181,713,,
ton,9176,714,,
baldor,9156,715,,
hols,9135,716,,
wash  fold,9132,717,,
money,9117,718,,
101s,9115,719,,
blvd,9073,720,,
crown,9057,721,,
lic,9044,722,,
throughout,9043,723,,
management,9036,724,,
crystal,9033,725,,
sold here,9030,726,,
road work,9027,727,,
cold,9023,728,,
authorized dealer,9009,729,,
van,8989,730,,
produce,8978,731,,
village,8964,732,,
flushing,8944,733,,
checks cashed,8913,734,,
kin,8905,735,,
meat,8896,736,,
self service,8876,737,,
ane,8870,738,,
northern bivd,8865,739,,
get,8855,740,,
offices,8849,741,,
gate,8837,742,,
corner,8825,743,,
garage,8818,744,,
flat fix,8811,745,,
flat fare,8800,746,,
camera,8770,747,,
turn right,8769,748,,
new haven,8769,749,,
cal,8729,750,,
2022 go,8717,751,,
wellness,8715,752,,
100l,8702,753,,
americas,8696,754,,
scaffolding,8693,755,,
physical therapy,8677,756,,
fashion,8657,757,,
fold,8645,758,,
downtown,8627,759,,
electric,8626,760,,
cle,8615,761,,
exit 2,8610,762,,
dodge,8610,763,,
rover,8608,764,,
auto glass,8607,765,,
view,8607,766,,
pogle,8573,767,,
used,8559,768,,
castle,8546,769,,
today,8533,770,,
one ways,8510,771,,
cha,8506,772,,
able,8488,773,,
general,8486,774,,
live,8486,775,,
applebees,8481,776,,
shipping,8480,777,,
modells,8478,778,,
video,8465,779,,
don,8435,780,,
bagels,8418,781,,
spectrum,8406,782,,
casha,8402,783,,
check,8402,784,,
bivd,8389,785,,
customer,8388,786,,
change,8382,787,,
paints,8372,788,,
pay,8371,789,,
terminal,8350,790,,
custom,8350,791,,
triboro br,8343,792,,
heating,8336,793,,
ехсерт,8335,794,,
daily,8321,795,,
res,8296,796,,
lic ny 11101,8295,797,,
cvspharmacy,8262,798,,
do not block,8234,799,,
crossing,8222,800,,
tam  4pm,8207,801,,
bedford av,8205,802,,
tailoring,8192,803,,
warehouse,8184,804,,
standpipe,8183,805,,
hsbc,8180,806,,
smart,8161,807,,
nys,8156,808,,
harlem,8152,809,,
full,8149,810,,
sold,8146,811,,
work in progress residential,8144,812,,
dollar,8134,813,,
lone way,8116,814,,
h hudson,8112,815,,
car service,8104,816,,
cards,8097,817,,
parki,8097,818,,
no stan,8095,819,,
che,8090,820,,
store for rent,8087,821,,
door,8087,822,,
ed koch,8083,823,,
blocks,8068,824,,
lube,8068,825,,
washington,8060,826,,
estate,8058,827,,
718 3281004,8055,828,,
computer,8029,829,,
santander,7998,830,,
1800gofedex,7981,831,,
grand concourse,7951,832,,
kids,7935,833,,
reserved,7934,834,,
tunnel,7931,835,,
waxing,7929,836,,
ery,7919,837,,
4 av,7917,838,,
life,7917,839,,
law offices,7900,840,,
col,7897,841,,
hool,7895,842,,
electronics,7889,843,,
25a,7889,844,,
wireless,7881,845,,
m ph,7873,846,,
la nacional,7869,847,,
wheel,7846,848,,
windows,7845,849,,
auto parts,7822,850,,
usa,7801,851,,
chinese food,7798,852,,
dol,7798,853,,
union tpke,7793,854,,
come,7793,855,,
drop,7790,856,,
this,7782,857,,
alterations,7780,858,,
ver,7773,859,,
organic,7763,860,,
ning,7758,861,,
days,7746,862,,
million,7736,863,,
sal,7730,864,,
cameras in use,7718,865,,
respect,7709,866,,
space available,7701,867,,
cashed,7696,868,,
e way,7690,869,,
oro,7686,870,,
тор,7683,871,,
lon,7655,872,,
square,7648,873,,
low,7634,874,,
sing,7610,875,,
water,7583,876,,
onli,7578,877,,
hay,7576,878,,
ding,7573,879,,
her,7565,880,,
gourmet deli,7562,881,,
830am  7pm,7558,882,,
airport,7529,883,,
effect above times,7520,884,1,
receiving,7514,885,,
ling,7495,886,,
fix,7489,887,,
6 av,7462,888,,
pathfinder,7459,889,,
gme,7459,890,,
invigorate,7454,891,,
fre,7451,892,,
mini storage,7444,893,,
citibike,7418,894,,
108 st,7404,895,,
bay,7399,896,,
america,7398,897,,
ins,7383,898,,
lumber,7378,899,,
luxury,7369,900,,
double,7368,901,,
products,7339,902,,
el especialito,7335,903,,
design,7332,904,,
sun,7325,905,,
notary,7311,906,,
we sell,7297,907,,
tattoo,7290,908,,
ren,7281,909,,
party,7276,910,,
day care,7271,911,,
white,7257,912,,
cocacola,7250,913,,
soda,7246,914,,
children,7233,915,,
2019 g,7226,916,,
exit 3,7210,917,,
lowes,7209,918,,
snow route,7194,919,,
densglass,7191,920,,
coming,7180,921,,
gopenskecom,7149,922,,
aim,7148,923,,
new jersey,7137,924,,
unlimited,7133,925,,
shoe repair,7120,926,,
convenience,7106,927,,
les,7105,928,,
carrier,7083,929,,
аптека,7083,930,,
ash,7082,931,,
7 days,7078,932,,
dental office,7074,933,,
do no,7068,934,,
salad,7068,935,,
battery,7053,936,,
williamsburg,7039,937,,
moneygram,7039,938,,
clearview expwy,7036,939,,
early bird,7026,940,,
company,7025,941,,
by owner,7020,942,,
capital one bank,7012,943,,
hop,7003,944,,
long island,6998,945,,
dell,6993,946,,
pawn,6989,947,,
boutique,6969,948,,
club,6969,949,,
candy,6964,950,,
8am  930am,6963,951,,
gratis,6959,952,,
citi field,6930,953,,
die,6929,954,,
salads,6928,955,,
tree,6926,956,,
dominos,6923,957,,
amsterdam,6903,958,,
pipe,6901,959,,
overweight,6895,960,,
benjamin moore,6892,961,,
little,6889,962,,
lino,6886,963,,
staten is,6871,964,,
main st,6869,965,,
den,6869,966,,
price,6868,967,,
prices,6863,968,,
same day service,6859,969,,
visa,6859,970,,
locksmith,6852,971,,
courtesy,6852,972,,
accessories,6845,973,,
rockaways,6839,974,,
¼4 mile,6830,975,,
cleaner,6827,976,,
ramp,6827,977,,
yor,6814,978,,
turning,6808,979,,
ready,6804,980,,
fried,6798,981,,
same day,6784,982,,
industrial,6778,983,,
carpet,6776,984,,
deli  grill,6773,985,,
summer,6760,986,,
wendys,6754,987,,
oil,6753,988,,
white plains,6745,989,,
higher,6738,990,,
exit 7,6732,991,,
first,6729,992,,
air conditioning,6723,993,,
pickup,6723,994,,
grand central,6715,995,,
hudson,6712,996,,
moving  storage,6703,997,,
eastern li,6692,998,,
taxi,6680,999,,
one wayi,6673,1000,,
140 west st,6671,1001,,
happy,6668,1002,,
1800 pick ups,6666,1003,,
no p,6653,1004,,
ting,6650,1005,,
ford,6649,1006,,
inn,6649,1007,,
ant,6645,1008,,
accepted,6641,1009,,
lay,6638,1010,,
office space,6626,1011,,
mta,6606,1012,,
gasoline,6605,1013,,
dunkin®,6599,1014,,
volvo,6581,1015,,
equipment,6579,1016,,
exi,6577,1017,,
san,6570,1018,,
gifts,6567,1019,,
supreme,6555,1020,,
ele,6549,1021,,
cassone,6546,1022,,
westchester,6545,1023,,
dept within,6538,1024,,
funeral home,6535,1025,,
chipotle,6525,1026,,
dentistry,6518,1027,,
conedison,6517,1028,,
pace,6517,1029,,
g washington br,6514,1030,,
sandwich,6502,1031,,
internet,6495,1032,,
tire shop,6493,1033,,
ste,6491,1034,,
long is expwy,6490,1035,,
deals,6475,1036,,
mattress,6473,1037,,
bay ridge,6471,1038,,
madison,6464,1039,,
hess,6456,1040,,
pro,6452,1041,,
madison av,6436,1042,,
music,6409,1043,,
mar,6406,1044,,
power,6401,1045,,
plumbing  heating,6395,1046,,
midtown,6390,1047,,
sell,6389,1048,,
alignment,6382,1049,,
nyu,6379,1050,,
no c,6371,1051,,
hand,6369,1052,,
bruckner,6368,1053,,
metre,6344,1054,,
tickets,6343,1055,,
core,6343,1056,,
land,6343,1057,,
transit,6330,1058,,
apartment,6329,1059,,
tone,6326,1060,,
whitestone,6300,1061,,
rking,6300,1062,,
milk,6293,1063,,
ever better,6291,1064,,
cho,6288,1065,,
window,6276,1066,,
150 st,6261,1067,,
no sta,6254,1068,,
heineken,6252,1069,,
metropos,6240,1070,,
permitted,6239,1071,,
crv,6239,1072,,
st nicholas,6238,1073,,
exon,6238,1074,,
vegetables,6237,1075,,
checkers,6231,1076,,
chaseo,6231,1077,,
motel,6226,1078,,
sho,6224,1079,,
high,6220,1080,,
prek,6220,1081,,
burgers,6218,1082,,
exp,6216,1083,,
up to,6211,1084,,
on red,6209,1085,,
bic,6209,1086,,
dois,6203,1087,,
exits,6202,1088,,
all days,6201,1089,,
transmissions,6181,1090,,
factory,6176,1091,,
work zone,6167,1092,,
made,6159,1093,,
cross,6153,1094,,
spirits,6150,1095,,
pharmac,6140,1096,,
mas,6136,1097,,
7am  10am,6135,1098,,
2024 go,6135,1099,,
34 av,6129,1100,,
state law,6127,1101,,
bbq,6115,1102,,
security o,6110,1103,,
since,6109,1104,,
grocer,6106,1105,,
cigarettes,6103,1106,,
rainbow,6101,1107,,
myrtle av,6099,1108,,
gallery,6098,1109,,
black,6094,1110,,
astoria,6093,1111,,
hall,6085,1112,,
freight,6076,1113,,
florist,6075,1114,,
contractor,6069,1115,,
bis,6066,1116,,
citicare,6055,1117,,
macys,6055,1118,,
anna,6055,1119,,
park  ride,6054,1120,,
ase,6051,1121,,
exclusive,6050,1122,,
48 st,6044,1123,,
700h,6029,1124,,
chas,6020,1125,,
cold beer,6016,1126,,
ind,6014,1127,,
golden,6010,1128,,
of the,6008,1129,,
ion,6008,1130,,
2022 g,6006,1131,,
lexington,6004,1132,,
hillside,5999,1133,,
brand,5986,1134,,
one w,5982,1135,,
savings,5981,1136,,
exit 14,5978,1137,,
queens bivd,5970,1138,,
4x4,5969,1139,,
hiring,5967,1140,,
francis lewis,5965,1141,,
exit 19,5965,1142,,
ino parking,5963,1143,,
cogle,5955,1144,,
where,5955,1145,,
deliver,5948,1146,,
restauran,5942,1147,,
louisiana kitchen,5940,1148,,
wes,5934,1149,,
restriction,5928,1150,,
for all,5924,1151,,
pick up,5915,1152,,
owner,5912,1153,,
barbershop,5903,1154,,
vice,5897,1155,,
ati,5897,1156,,
now leasing,5891,1157,,
31 av,5888,1158,,
apple,5887,1159,,
cuisine,5883,1160,,
to 1pm,5880,1161,,
kino,5879,1162,,
boars head,5877,1163,,
smoke,5877,1164,,
draw,5874,1165,,
drop off service,5870,1166,,
no parki,5868,1167,,
stopshop,5865,1168,,
modelo,5859,1169,,
vehicle,5855,1170,,
atmi,5848,1171,,
met,5846,1172,,
regular,5843,1173,,
psychic,5841,1174,,
int,5838,1175,,
policei,5836,1176,,
nationalgrid,5834,1177,,
mini,5828,1178,,
bank of america,5821,1179,,
do not enter,5821,1180,,
iony,5813,1181,,
exit 11,5812,1182,,
exit 4,5809,1183,,
richmond,5804,1184,,
old navy,5803,1185,,
prospect,5793,1186,,
17n0,5792,1187,,
full service,5787,1188,,
als,5787,1189,,
exit 13,5781,1190,,
facial,5777,1191,,
amazon,5776,1192,,
callahead,5775,1193,,
montefiore,5770,1194,,
des,5770,1195,,
chi,5768,1196,,
cintas,5767,1197,,
nys inspection,5757,1198,,
adoptahighway,5746,1199,,
parking only,5744,1200,,
take out,5733,1201,,
juice,5732,1202,,
expressway,5730,1203,,
no trucks,5728,1204,,
ore,5725,1205,,
years,5720,1206,,
bravo,5713,1207,,
35 av,5712,1208,,
free estimates,5711,1209,,
bee,5711,1210,,
we buy gold,5706,1211,,
kings hwy,5702,1212,,
appliances,5695,1213,,
pari,5687,1214,,
69 st,5684,1215,,
1800gopenske,5681,1216,,
expert,5670,1217,,
fdr drive,5667,1218,,
italian,5665,1219,,
tax service,5664,1220,,
were,5663,1221,,
ото,5657,1222,,
ere,5654,1223,,
tor,5647,1224,,
tion,5643,1225,,
fairway,5633,1226,,
cor,5624,1227,,
rocery,5619,1228,,
bell,5589,1229,,
ny ny 10007,5585,1230,,
bagel,5584,1231,,
tow,5584,1232,,
exit 9,5581,1233,,
god,5577,1234,,
per,5569,1235,,
hillside ave,5561,1236,,
riverside dr,5558,1237,,
dept,5557,1238,,
bay only,5556,1239,,
fulton st,5543,1240,,
mat,5537,1241,,
range,5528,1242,,
driving school,5508,1243,,
icon,5503,1244,,
service center,5499,1245,,
hard,5499,1246,,
uni,5499,1247,,
atno,5496,1248,,
pre,5493,1249,,
casi,5487,1250,,
complete,5478,1251,,
new haven ct,5467,1252,,
point,5462,1253,,
line,5451,1254,,
pay at,5447,1255,,
ance,5437,1256,,
ess,5431,1257,,
lan,5430,1258,,
construction corp,5425,1259,,
next 1 mile,5423,1260,,
sports,5422,1261,,
boxes,5407,1262,,
construction inc,5403,1263,,
right turn,5403,1264,,
exit 23,5403,1265,,
taco,5403,1266,,
wine  liquor,5397,1267,,
cmc,5392,1268,,
dis,5389,1269,,
queensboro br,5383,1270,,
exit 17,5380,1271,,
macy,5369,1272,,
exit 1,5362,1273,,
ogie,5362,1274,,
last,5357,1275,,
nostrand av,5353,1276,,
stadium,5352,1277,,
bronx river pkwy,5347,1278,,
ser,5347,1279,,
limited,5344,1280,,
depot,5337,1281,,
tan,5337,1282,,
curb,5336,1283,,
dairy,5335,1284,,
nes,5333,1285,,
castrol,5331,1286,,
bro,5325,1287,,
bankof america,5324,1288,,
back in,5324,1289,,
great,5320,1290,,
sino,5317,1291,,
speeding,5315,1292,,
hat,5312,1293,,
hon,5310,1294,,
ang,5308,1295,,
wholesale  retail,5307,1296,,
we are,5303,1297,,
not in service,5298,1298,,
class,5289,1299,,
via,5285,1300,,
muffler,5274,1301,,
drugs,5270,1302,,
atn,5270,1303,,
homewrap,5266,1304,,
hertz,5266,1305,,
stopping,5264,1306,,
copy,5264,1307,,
paint,5262,1308,,
showroom,5259,1309,,
stores,5256,1310,,
age,5256,1311,,
lamar,5252,1312,,1
away,5248,1313,,
sign,5246,1314,,
fulton,5236,1315,,
by rite aid,5234,1316,,
fedix,5226,1317,,
nice,5219,1318,,
capital,5217,1319,,
nyc taxi,5216,1320,,
exit 12,5214,1321,,
ans,5214,1322,,
ain,5213,1323,,
riverdale,5211,1324,,
munimeter,5209,1325,,
all trucks,5208,1326,,
dio,5207,1327,,
horace harding,5202,1328,,
abc,5195,1329,,
everything,5194,1330,,
gap,5194,1331,,
bike path,5192,1332,,
grand st,5189,1333,,
floor,5188,1334,,
specialists,5182,1335,,
flatlands,5174,1336,,
down,5172,1337,,
sentra,5171,1338,,
обо,5169,1339,,
aldo,5165,1340,,
marketplace,5164,1341,,
good year,5164,1342,,
haul,5164,1343,,
retail dealer,5162,1344,,
94 st,5162,1345,,
sears,5157,1346,,
park ave,5150,1347,,
has,5149,1348,,
burlington,5146,1349,,
michaels,5145,1350,,
37 av,5144,1351,,
press,5142,1352,,
700hjs,5141,1353,,
ervice,5137,1354,,
boston rd,5131,1355,,
2019 go,5123,1356,,
jamaica av,5121,1357,,
premier,5110,1358,,
eli,5102,1359,,
f d,5098,1360,,
capitalone bank,5096,1361,,
win,5091,1362,,
chased,5087,1363,,
bus lanes,5083,1364,,
coffee shop,5082,1365,,
will be,5081,1366,,
24hrs,5074,1367,,
consolidated bus transit,5073,1368,,
general contractor,5065,1369,,
west side,5057,1370,,
global,5056,1371,,
stoi,5052,1372,,
ole,5052,1373,,
its,5050,1374,,
collins,5049,1375,,
cross is pkwy,5044,1376,,
games,5044,1377,,
natural,5042,1378,,
8 av,5037,1379,,
hot  cold,5035,1380,,
groceries,5034,1381,,
loitering,5029,1382,,
exit 6,5027,1383,,
cross bronx expwy,5025,1384,,
mechanical,5016,1385,,
long,5015,1386,,
honk,5013,1387,,
iay,5013,1388,,
hhh,5011,1389,,
cit,5007,1390,,
paris,5004,1391,,
chelsea piers,5003,1392,,
que,5003,1393,,
daycare,5001,1394,,
exit 8,5001,1395,,
clea,4998,1396,,
parking for,4997,1397,,
private property,4996,1398,,
uhaulcom,4996,1399,,
play here,4995,1400,,
ente,4995,1401,,
divorce,4990,1402,,
sin,4990,1403,,
vim,4990,1404,,
2nd floor,4988,1405,,
walkway,4983,1406,,
mini market,4982,1407,,
meat market,4979,1408,,
tal,4979,1409,,
help,4978,1410,,
imperial,4975,1411,,
within,4975,1412,,
der,4973,1413,,
doors,4962,1414,,
cookies,4961,1415,,
nyc law,4958,1416,,
case,4958,1417,,
toys,4955,1418,,
exit 10,4949,1419,,
passport,4946,1420,,
scaffold,4945,1421,,
pizz,4940,1422,,
beyond,4936,1423,,
target,4934,1424,,
dime,4932,1425,,
lot,4932,1426,,
ripco,4930,1427,,
65 st,4927,1428,,
pawn shop,4925,1429,,
maj deegan,4919,1430,,
bayside,4912,1431,,
avis,4912,1432,,
armacy,4907,1433,,
tho,4907,1434,,
boston,4890,1435,,
stone,4889,1436,,
watch,4889,1437,,
state farm,4886,1438,,
halal food,4885,1439,,
openi,4880,1440,,
dan,4880,1441,,
exit 24,4878,1442,,
suburban,4870,1443,,
st johns,4869,1444,,
exit 15,4868,1445,,
non,4865,1446,,
after,4863,1447,,
under,4861,1448,,
rea,4860,1449,,
casa,4857,1450,,
sna,4856,1451,,
tile,4854,1452,,
212storage,4852,1453,,
rest,4852,1454,,
21 st,4850,1455,,
keys,4849,1456,,
sub,4848,1457,,
chelsea,4844,1458,,
silver,4842,1459,,
nter,4841,1460,,
sam,4833,1461,,
harmacy,4832,1462,,
united states,4829,1463,,
coney island,4829,1464,,
hing,4826,1465,,
optimum,4825,1466,,
transmission,4824,1467,,
café,4824,1468,,
guaranteed,4823,1469,,
nic,4823,1470,,
ocean av,4821,1471,,
others no standing,4820,1472,,
hot  cold sandwiches,4817,1473,,
white plains rd,4817,1474,,
check cashing,4804,1475,,
the box,4804,1476,,
nyu langone,4798,1477,,
cai,4794,1478,,
contracting,4786,1479,,
acura,4784,1480,,
eat,4784,1481,,
ashley,4781,1482,,
century,4780,1483,,
financial,4778,1484,,
uber,4773,1485,,
burger king,4771,1486,,
hillside av,4769,1487,,
ars,4768,1488,,
violators,4767,1489,,
see,4761,1490,,
maintenance,4758,1491,,
any car,4757,1492,,
hos,4757,1493,,
ferry,4754,1494,,
rydercom,4749,1495,,
ree,4748,1496,,
beautification,4747,1497,,
ner,4746,1498,,
photo enforced,4743,1499,,
thomas,4741,1500,,
systems,4740,1501,,
sat,4739,1502,,
tof,4738,1503,,
ast,4735,1504,,
same,4734,1505,,
call 511,4730,1506,,
engine,4715,1507,,
net,4713,1508,,
bread,4709,1509,,
brooklyn ny,4705,1510,,
han,4704,1511,,
700h3s,4701,1512,,
nytime,4700,1513,,
ons,4699,1514,,
dropoff,4690,1515,,
xino,4690,1516,,
district,4687,1517,,
ocery,4680,1518,,
retail for lease,4676,1519,,
tra,4668,1520,,
ark,4665,1521,,
roadway,4664,1522,,
room,4663,1523,,
dine,4661,1524,,
does,4660,1525,,
westchester ave,4657,1526,,
ove,4657,1527,,
bill,4654,1528,,
cohens,4650,1529,,
dollar tree,4645,1530,,
pediatrics,4638,1531,,
ban,4637,1532,,
grace,4633,1533,,
was,4632,1534,,
wai,4630,1535,,
forall,4624,1536,,
1130 мм,4622,1537,,
no b,4607,1538,,
fruits,4606,1539,,
cross island pkwy,4605,1540,,
narrows,4604,1541,,
a ino,4597,1542,,
pos,4596,1543,,
стор,4595,1544,,
breakfast • lunch • dinner,4593,1545,,
58 st,4591,1546,,
platinum,4590,1547,,
studios,4588,1548,,
stan,4586,1549,,
tacos,4579,1550,,
ten,4578,1551,,
flatbush av,4573,1552,,
gentlemens club,4571,1553,,
skyline,4571,1554,,
lucky,4568,1555,,
emergency service,4566,1556,,
gyro,4563,1557,,
brooklyn br,4560,1558,,
matic,4557,1559,,
toll,4554,1560,,
subaru,4550,1561,,
smoke shop,4545,1562,,
experience,4543,1563,,
eastern,4543,1564,,
730am  8am,4541,1565,,
cast,4541,1566,,
inter,4537,1567,,
cery,4537,1568,,
postal service,4532,1569,,
wings,4530,1570,,
maimonides,4529,1571,,
otter,4529,1572,,
famous,4527,1573,,
playground,4525,1574,,
arts,4522,1575,,
pioneer,4521,1576,,
hase,4519,1577,,
loans,4518,1578,,
sport,4514,1579,,
pinnacle realty,4513,1580,,
prescriptions,4506,1581,,
tre,4506,1582,,
spe,4505,1583,,
all day,4504,1584,,
mark,4502,1585,,
dunkinp,4501,1586,,
ring,4497,1587,,
xinc,4496,1588,,
wheel alignment,4490,1589,,
hyder,4490,1590,,
yale,4485,1591,,
classic,4483,1592,,
blue,4483,1593,,
allowed,4482,1594,,
needed,4479,1595,,
frozen,4476,1596,,
cing,4473,1597,,
murano,4472,1598,,
mer,4472,1599,,
82 st,4471,1600,,
payo,4470,1601,,
do noti,4469,1602,,
exit 20,4464,1603,,
stup,4464,1604,,
ave u,4463,1605,,
ork,4459,1606,,
she,4454,1607,,
approved,4452,1608,,
gro,4447,1609,,
move,4444,1610,,
truck rental  leasing,4441,1611,,
ocean,4439,1612,,
springfield,4438,1613,,
ist,4434,1614,,
smoothies,4433,1615,,
thing,4433,1616,,
brute,4431,1617,,
brothers,4428,1618,,
midnight  3am,4423,1619,,
therapy,4423,1620,,
ristorante,4422,1621,,
tel 718,4421,1622,,
pub,4421,1623,,
wwwbudgetcom,4420,1624,,
tea,4420,1625,,
space for lease,4416,1626,,
atlas,4416,1627,,
that,4416,1628,,
testing,4415,1629,,
ate,4409,1630,,
physical,4407,1631,,
popular,4406,1632,,
his,4404,1633,,
queen,4398,1634,,
e 161 st,4395,1635,,
make,4388,1636,,
g000,4386,1637,,
fish market,4385,1638,,
drivethru,4382,1639,,
t mobile,4372,1640,,
atim,4371,1641,,
fdc,4362,1642,,
510 bills,4361,1643,,
tam  7pm,4360,1644,,
for trucks,4354,1645,,
jay,4353,1646,,
delicatessen,4351,1647,,
xxx,4342,1648,,
webster,4337,1649,,
aino,4336,1650,,
vigo,4336,1651,,
feel,4334,1652,,
public storage,4333,1653,,
bruckner expwy,4327,1654,,
inquire within,4325,1655,,
no park,4325,1656,,
lafayette,4323,1657,,
meters are not in,4319,1658,,
cone,4319,1659,,
lower level,4317,1660,,
selectbusservice,4315,1661,,
towing,4314,1662,,
vision,4310,1663,,
the ups store,4309,1664,,
corporation,4308,1665,,
mexican,4308,1666,,
lycamobile,4305,1667,,
shoppe,4305,1668,,
bes,4304,1669,,
envios,4302,1670,,
old,4301,1671,,
we do,4294,1672,,
for your,4291,1673,,
very,4288,1674,,
associates,4287,1675,,
queens blvd,4278,1676,,
mega,4277,1677,,
night,4275,1678,,
foot,4273,1679,,
party city,4272,1680,,
color,4265,1681,,
better,4264,1682,,
karate,4263,1683,,
threading,4262,1684,,
holidays,4252,1685,,
80 st,4252,1686,,
no fee,4251,1687,,
wines  liquors,4250,1688,,
speedway,4247,1689,,
preowned,4246,1690,,
recycling,4244,1691,,
weight,4242,1692,,
for shopping,4240,1693,,
internal medicine,4236,1694,,
frito lay,4236,1695,,
xpress,4236,1696,,
maxima,4235,1697,,
g00,4235,1698,,
now hiring,4233,1699,,
edison,4233,1700,,
liberty av,4232,1701,,
shell,4229,1702,,
synergy,4228,1703,,
fire dept,4226,1704,,
owners expense,4225,1705,,
everyday,4224,1706,,
yoga,4222,1707,,
driving,4216,1708,,
delta,4214,1709,,
adi,4212,1710,,
key,4209,1711,,
duane reade,4208,1712,,
used cars,4207,1713,,
cross bronx,4204,1714,,
associated,4203,1715,,
post no,4201,1716,,
the world on time,4200,1717,,
neighborhood,4200,1718,,
accounting,4195,1719,,
detailing,4192,1720,,
164 st,4192,1721,,
nails  spa,4191,1722,,
ill,4191,1723,,
800 8888888,4187,1724,,
aut,4187,1725,,
barn,4181,1726,,
solutions,4179,1727,,
cricket,4178,1728,,
no bills,4177,1729,,
baby,4176,1730,,
ted,4176,1731,,
value,4175,1732,,
boostmobile,4172,1733,,
laguardia airport,4171,1734,,
goi,4170,1735,,
har,4170,1736,,
clothes,4169,1737,,
pelham pkwy,4167,1738,,
ces,4166,1739,,
ame,4165,1740,,
than,4163,1741,,
cen,4160,1742,,
max,4155,1743,,
ell,4154,1744,,
ire,4152,1745,,
monfri,4151,1746,,
just,4148,1747,,
aundromat,4146,1748,,
installation,4138,1749,,
fed ex,4134,1750,,
10 av,4133,1751,,
childrens,4132,1752,,
trans,4132,1753,,
acy,4132,1754,,
tropicana,4130,1755,,
fony,4126,1756,,
raymour,4121,1757,,
atlantic ave,4120,1758,,
african,4118,1759,,
baptist church,4117,1760,,
forest,4117,1761,,
appreciated,4115,1762,,
lighting,4115,1763,,
news,4115,1764,,
11am  1230pm,4112,1765,,
orders,4109,1766,,
pods,4109,1767,,
hair braiding,4108,1768,,
flatbush,4108,1769,,
sons,4107,1770,,
lee,4105,1771,,
braiding,4104,1772,,
tinting,4101,1773,,
nly,4097,1774,,
ali,4095,1775,,
self storage  logistics,4092,1776,,
botanica,4092,1777,,
specialist,4091,1778,,
fruit,4091,1779,,
ber,4089,1780,,
linden blvd,4087,1781,,
system,4086,1782,,
post no bills,4084,1783,,
shirts,4082,1784,,
greenstreets,4074,1785,,
technology,4074,1786,,
2024 g,4074,1787,,
lanes,4073,1788,,
quest,4071,1789,,
west st,4070,1790,,
sti,4070,1791,,
farm,4067,1792,,
pharma,4066,1793,,
every,4065,1794,,
nai,4063,1795,,
flushing av,4062,1796,,
premium,4061,1797,,
court,4060,1798,,
bogle,4059,1799,,
86 st,4049,1800,,
awd,4049,1801,,
action,4048,1802,,
ors,4043,1803,,
call 311,4040,1804,,
sephora,4039,1805,,
crescent st,4035,1806,,
drivers wanted,4030,1807,,
ble,4026,1808,,
smile,4024,1809,,
space for rent,4018,1810,,
exit v only,4018,1811,,
batteries,4017,1812,,
ation,4015,1813,,
tes,4014,1814,,
woodhaven,4013,1815,,
linden bivd,4009,1816,,
no turns,4009,1817,,
universal,4007,1818,,
superior,4007,1819,,
exit  only,4005,1820,,
1800gobudget,4002,1821,,
no s,4000,1822,,
stol,3995,1823,,
auto sales,3994,1824,,
robbins,3993,1825,,
trucking,3992,1826,,
ils,3991,1827,,
beach channel,3988,1828,,
yes,3987,1829,,
mufflers,3986,1830,,
snapple,3986,1831,,
mens,3986,1832,,
how,3982,1833,,
dei,3979,1834,,
cooper,3978,1835,,
roosevelt,3973,1836,,
sai,3973,1837,,
mattresses,3970,1838,,
sterling,3970,1839,,
new england,3965,1840,,
juice bar,3965,1841,,
snacks,3963,1842,,
simple,3960,1843,,
gnc,3959,1844,,
snack shop,3955,1845,,
trade,3955,1846,,
no dumping,3952,1847,,
ana,3952,1848,,
payless,3950,1849,,
phones,3950,1850,,
24hr,3943,1851,,
your business,3942,1852,,
utopia pkwy,3942,1853,,
there,3942,1854,,
doss,3942,1855,,
medicine,3940,1856,,
drive way,3939,1857,,
jackson,3939,1858,,
188 st,3938,1859,,
cheese,3938,1860,,
yay,3936,1861,,
elevator,3933,1862,,
arket,3930,1863,,
tools,3930,1864,,
sidewalk closed,3929,1865,,
for ren,3928,1866,,
yrc,3928,1867,,
work in progress commercial,3924,1868,,
concrete,3924,1869,,
the best,3923,1870,,
body work,3921,1871,,
estaurant,3917,1872,,
mall,3917,1873,,
prohibited,3916,1874,,
healthfirst,3914,1875,,
foodtown,3910,1876,,
pedestrian,3909,1877,,
xin,3903,1878,,
breakfast  lunch,3902,1879,,
church av,3900,1880,,
metered parking,3899,1881,,
ever,3894,1882,,
diamonds,3893,1883,,
upper level,3888,1884,,
fer,3882,1885,,
dsw,3880,1886,,
7 av,3878,1887,,
unisex salon,3873,1888,,
ime,3873,1889,,
cash4,3868,1890,,
cam,3866,1891,,
new york av,3864,1892,,
less,3857,1893,,
greenpoint,3855,1894,,
immigration,3854,1895,,
palace,3852,1896,,
beach,3849,1897,,
foreign  domestic,3847,1898,,
contracting inc,3847,1899,,
tro,3847,1900,,
bogie,3845,1901,,
site,3841,1902,,
dept of transportation,3840,1903,,
ming,3840,1904,,
hamilton,3839,1905,,
unless,3838,1906,,
provisions,3837,1907,,
food stamps,3830,1908,,
automotive,3829,1909,,
demolition,3828,1910,,
customers,3828,1911,,
sce,3827,1912,,
eve,3826,1913,,
expert tailoring,3823,1914,,
utica av,3823,1915,,
taxes,3819,1916,,
use other side,3816,1917,,
e tremont,3814,1918,,
licensed,3814,1919,,
deep,3813,1920,,
wells fargo,3811,1921,,
ome,3811,1922,,
tow away,3810,1923,,
xtra,3808,1924,,
michelin,3803,1925,,
housing,3802,1926,,
vita,3800,1927,,
nos,3800,1928,,
energy,3797,1929,,
fines higher,3795,1930,,
restoration,3795,1931,,
iii,3795,1932,,
grooming,3793,1933,,
diamond,3793,1934,,
sol,3793,1935,,
60 st,3790,1936,,
nor,3790,1937,,
17no,3789,1938,,
jewelers,3788,1939,,
79 st,3787,1940,,
materials,3785,1941,,
hone,3782,1942,,
hes,3781,1943,,
amazing,3780,1944,,
riverside,3778,1945,,
alon,3776,1946,,
program,3775,1947,,
ave d,3775,1948,,
bre,3774,1949,,
irs,3772,1950,,
anytim,3769,1951,,
notary public,3767,1952,,
new  used,3766,1953,,
come back,3764,1954,,
bath,3763,1955,,
loft,3763,1956,,
baskin,3762,1957,,
gift,3762,1958,,
igle,3761,1959,,
dance,3758,1960,,
pal,3758,1961,,
restaura,3757,1962,,
healthy,3756,1963,,
2021 go,3752,1964,,
begin,3749,1965,,
shaftway,3748,1966,,
covid19,3742,1967,,
dos,3741,1968,,
pla,3740,1969,,
cold cuts,3739,1970,,
18 av,3739,1971,,
arizona,3738,1972,,
ices,3738,1973,,
thi,3738,1974,,
sup,3734,1975,,
20 av,3733,1976,,
ran,3731,1977,,
restaurant  bar,3730,1978,,
bum,3726,1979,,
luggage,3723,1980,,
hutchinson pkwy,3722,1981,,
rates,3722,1982,,
mack,3718,1983,,
original,3717,1984,,
metal,3716,1985,,
usg,3716,1986,,
zara,3712,1987,,
motors,3709,1988,,
most,3708,1989,,
ata,3708,1990,,
sas,3706,1991,,
nvc,3704,1992,,
tons,3703,1993,,
coney island av,3702,1994,,
metropolitan av,3700,1995,,
loading zone,3700,1996,,
mini mart,3696,1997,,
personnel,3695,1998,,
dri,3695,1999,,
veri on,3691,2000,,
northern blvd,3689,2001,,
nail spa,3687,2002,,
chen,3687,2003,,
done,3687,2004,,
pay at →,3686,2005,,
tore,3685,2006,,
medicaid,3684,2007,,
contact,3680,2008,,
sen,3680,2009,,
eas,3678,2010,,
five guys,3671,2011,,
marina,3666,2012,,
victory,3662,2013,,
jamaica ave,3658,2014,,
lin,3658,2015,,
domestic,3657,2016,,
med,3657,2017,,
wel,3655,2018,,
shocks,3649,2019,,
major,3646,2020,,
shopping,3645,2021,,
doritos,3643,2022,,
texas,3641,2023,,
nyscas,3639,2024,,
ment,3639,2025,,
laundroma,3638,2026,,
myc,3637,2027,,
food market,3632,2028,,
little neck,3631,2029,,
oper,3630,2030,,
elite,3629,2031,,
expense,3627,2032,,
salem,3627,2033,,
31 st,3625,2034,,
sim,3625,2035,,
of new york,3622,2036,,
pha,3619,2037,,
library,3618,2038,,
1130 am  1pm,3616,2039,,
e 138 st,3616,2040,,
43 av,3616,2041,,
financing,3614,2042,,
bil,3614,2043,,
city island,3612,2044,,
38 st,3612,2045,,
pet,3612,2046,,
nail  spa,3610,2047,,
high school,3608,2048,,
riverhead,3606,2049,,
network,3606,2050,,
gol,3600,2051,,
hilton,3598,2052,,
ultra,3598,2053,,
14 av,3597,2054,,
kumon,3597,2055,,
no par,3591,2056,,
mcu,3590,2057,,
china,3589,2058,,
eagle,3589,2059,,
merge,3589,2060,,
includes all taxes,3586,2061,,
rose,3586,2062,,
five,3585,2063,,
registereo,3583,2064,,
antiques,3582,2065,,
staurant,3576,2066,,
otc,3572,2067,,
woodhaven bivd,3569,2068,,
hai,3566,2069,,
main entrance,3564,2070,,
whole,3562,2071,,
wraps,3559,2072,,
height,3557,2073,,
meats,3557,2074,,
cap,3557,2075,,
license,3556,2076,,
rava,3556,2077,,
fuel,3555,2078,,
rent me,3551,2079,,
dry clean,3548,2080,,
gogle,3548,2081,,
newport,3545,2082,,
hyundai,3542,2083,,
angle,3540,2084,,
mit,3540,2085,,
tin,3540,2086,,
no cash,3539,2087,,
mai,3539,2088,,
george,3537,2089,,
ridgewood,3535,2090,,
din,3533,2091,,
aurant,3532,2092,,
francis lewis bivd,3529,2093,,
champion,3529,2094,,
dumbo,3528,2095,,
sci,3528,2096,,
fair,3526,2097,,
preschool,3525,2098,,
union st,3521,2099,,
transport,3520,2100,,
jetro,3520,2101,,
rent this van,3516,2102,,
month,3514,2103,,
steel,3513,2104,,
mac,3513,2105,,
fruits  vegetables,3512,2106,,
order,3509,2107,,
gime,3509,2108,,
work in progress,3507,2109,,
funeral,3507,2110,,
late,3507,2111,,
інор,3501,2112,,
ini,3500,2113,,
sogle,3497,2114,,
cheap,3495,2115,,
noon,3495,2116,,
marke,3494,2117,,
no brokers fee,3492,2118,,
ass,3492,2119,,
tailor,3491,2120,,
subwa,3488,2121,,
works,3487,2122,,
doc,3487,2123,,
las,3486,2124,,
cashing,3485,2125,,
aaa,3484,2126,,
attorneys at law,3481,2127,,
ultrao,3480,2128,,
carvel,3479,2129,,
43 st,3479,2130,,
ken,3479,2131,,
pedicure,3476,2132,,
midnight,3475,2133,,
choice,3471,2134,,
logistics,3469,2135,,
outfront,3469,2136,,
org,3469,2137,,
do noi,3468,2138,,
2yd,3463,2139,,
hot food,3461,2140,,
eye,3461,2141,,
motor,3460,2142,,
marriott,3457,2143,,
chase g,3456,2144,,
no stai,3456,2145,,
tow away zone,3455,2146,,
exchange,3452,2147,,
evacuation,3449,2148,,
fixed,3447,2149,,
12 av,3446,2150,,
anne,3445,2151,,
tam  10am,3444,2152,,
dea,3443,2153,,
h20,3443,2154,,
ways,3442,2155,,
hub,3441,2156,,
cost,3440,2157,,
spee,3440,2158,,
clothing bin,3438,2159,,
geo washington br,3437,2160,,
manicure,3436,2161,,
petco,3436,2162,,
except deliveries,3433,2163,,
sion,3433,2164,,
loading  unloading,3431,2165,,
ath,3431,2166,,
61 st,3429,2167,,
linden,3428,2168,,
synchronizing the world of commerce,3426,2169,,
safetys our goal,3425,2170,,
hand car wash,3425,2171,,
all taxes included,3421,2172,,
fordham,3421,2173,,
hunts point,3419,2174,,
williams,3418,2175,,
triangle,3414,2176,,
financial services,3411,2177,,
ideal,3411,2178,,
vin,3407,2179,,
convenience store,3406,2180,,
this block,3406,2181,,
week,3406,2182,,
smc,3405,2183,,
ids,3404,2184,,
foster av,3400,2185,,
peed,3400,2186,,
firestone,3398,2187,,
46 st,3397,2188,,
bp diesel,3396,2189,,
gree,3395,2190,,
memorial,3394,2191,,
500g,3394,2192,,
vip,3392,2193,,
ise,3390,2194,,
ava,3389,2195,,
ile,3389,2196,,
start,3388,2197,,
sel,3385,2198,,
30 av,3381,2199,,
rant,3381,2200,,
hen,3381,2201,,
dolgin,3380,2202,,
brooklyn ny 11222,3379,2203,,
nis,3378,2204,,
accidents,3375,2205,,
noi,3375,2206,,
atm inside,3374,2207,,
pharm,3372,2208,,
agle,3372,2209,,
cente,3370,2210,,
for more information please visit wwwnycgovbuildings,3366,2211,,
maspeth ny 11378,3365,2212,,
catering for all occasions,3361,2213,,
diagnostic,3361,2214,,
rehabilitation,3360,2215,,
kay,3358,2216,,
evergreen,3357,2217,,
45 st,3357,2218,,
discounts,3356,2219,,
alteration,3355,2220,,
pride,3355,2221,,
drink,3354,2222,,
42 st,3353,2223,,
only only only,3350,2224,,
easier,3349,2225,,
mexico,3348,2226,,
carting,3346,2227,,
please use,3345,2228,,
exit 18,3345,2229,,
brunch,3344,2230,,
groce,3343,2231,,
jesus,3343,2232,,
para reportar condiciones,3340,2233,,
money transfer,3340,2234,,
ave l,3338,2235,,
heros,3338,2236,,
post office,3337,2237,,
w 178 st,3337,2238,,
posted,3330,2239,,
pol,3330,2240,,
john,3329,2241,,
newsstand,3328,2242,,
stu,3326,2243,,
uptown,3325,2244,,
unauthorized,3324,2245,,
kalmon,3324,2246,,
ones,3324,2247,,
container,3323,2248,,
suzu,3323,2249,,
104s,3320,2250,,
cable,3319,2251,,
cfsc,3319,2252,,
how are we doing,3317,2253,,
8am  830am,3317,2254,,
equinox,3314,2255,,
let,3314,2256,,
open 24,3313,2257,,
mor,3313,2258,,
foreign,3311,2259,,
leaners,3309,2260,,
bowery,3309,2261,,
no tiene que dar su nombre,3308,2262,,
radioshack,3308,2263,,
max rose,3308,2264,,
clinic,3308,2265,,
best buy,3305,2266,,
92019 g,3305,2267,,
doctor,3301,2268,,
ene,3299,2269,,
savings bank,3298,2270,,
ride,3298,2271,,
well,3296,2272,,
after stop,3295,2273,,
no o,3294,2274,,
have,3291,2275,,
conoco,3290,2276,,
para,3290,2277,,
eno,3290,2278,,
ext,3289,2279,,
sis,3289,2280,,
cross bay,3286,2281,,
edex,3285,2282,,
ses,3285,2283,,
sunrise,3284,2284,,
cale,3280,2285,,
miles,3276,2286,,
aul,3275,2287,,
buffet,3274,2288,,
modern,3272,2289,,
mes,3272,2290,,
style,3270,2291,,
33 st,3269,2292,,
times,3269,2293,,
no entry,3267,2294,,
working,3267,2295,,
astoria bivd,3265,2296,,
kia,3265,2297,,
pas,3265,2298,,
sysco,3264,2299,,
variety,3262,2300,,
bklynons,3260,2301,,
cigars,3257,2302,,
ven,3256,2303,,
simple mobile,3255,2304,,
commercial  residential,3254,2305,,
paradise,3254,2306,,
beverage,3253,2307,,
shoulder,3251,2308,,
36 st,3250,2309,,
one na,3248,2310,,
theatre,3245,2311,,
comfort,3244,2312,,
servic,3244,2313,,
dep,3244,2314,,
acar,3239,2315,,
master,3238,2316,,
gra,3238,2317,,
buildings,3236,2318,,
11am  1230 pm,3234,2319,,
yankee,3233,2320,,
cash loans,3232,2321,,
coco,3230,2322,,
lift,3228,2323,,
boars,3226,2324,,
thule,3225,2325,,
investors bank,3224,2326,,
direct,3224,2327,,
exit 22,3223,2328,,
35 st,3221,2329,,
mine,3221,2330,,
selfstorage,3220,2331,,
sony,3220,2332,,
exclusive agent,3219,2333,,
nen,3219,2334,,
gateway,3218,2335,,
set,3214,2336,,
ners,3212,2337,,
universe,3211,2338,,
fres,3209,2339,,
then,3206,2340,,
alt,3206,2341,,
parking lot,3205,2342,,
lice,3205,2343,,
cent,3204,2344,,
yankee stadium,3203,2345,,
sie,3203,2346,,
ade,3202,2347,,
level,3201,2348,,
ciroc,3200,2349,,
bel,3200,2350,,
silvercup,3198,2351,,
marcy av,3197,2352,,
total,3197,2353,,
жжж,3194,2354,,
household  business rentals,3193,2355,,
parking in rear,3193,2356,,
electronic,3193,2357,,
to anonymously report,3190,2358,,
chan,3189,2359,,
accept,3185,2360,,
farmers,3183,2361,,
free parking,3182,2362,,
¾4 mile,3182,2363,,
cinemas,3181,2364,,
levis,3181,2365,,
ive,3181,2366,,
penalty,3175,2367,,
mia,3172,2368,,
card,3170,2369,,
700h35,3168,2370,,
wwwpinnaclerenycom,3167,2371,,
for savings,3165,2372,,
terrace,3164,2373,,
tom,3164,2374,,
canal st,3163,2375,,
rentacar,3163,2376,,
samsung,3163,2377,,
9 av,3160,2378,,
kars 4 kids,3159,2379,,
ger,3158,2380,,
cons,3156,2381,,
4 car,3154,2382,,
bay st,3150,2383,,
urgent,3149,2384,,
cate,3145,2385,,
tha,3145,2386,,
free pick up  delivery,3144,2387,,
computers,3142,2388,,
groceri,3142,2389,,
exp date,3141,2390,,
47 st,3140,2391,,
new york state,3139,2392,,
madison st,3139,2393,,
gre,3137,2394,,
building materials,3133,2395,,
sha,3133,2396,,
manhattan av,3132,2397,,
160 st,3131,2398,,
third ave,3130,2399,,
vitamins,3129,2400,,
own,3127,2401,,
home care,3126,2402,,
nour,3125,2403,,
but,3125,2404,,
das,3124,2405,,
nail salon,3123,2406,,
belt,3123,2407,,
mill,3123,2408,,
exit 16,3122,2409,,
consolidated,3121,2410,,
van wagner,3121,2411,,
34 st,3120,2412,,
mig,3120,2413,,
ure,3117,2414,,
rvice,3115,2415,,
e 233 st,3114,2416,,
sea,3114,2417,,
4cash,3112,2418,,
lock,3111,2419,,
taste,3109,2420,,
lives,3107,2421,,
ala,3107,2422,,
ben,3107,2423,,
fed x,3104,2424,,
ther,3104,2425,,
ture,3104,2426,,
pho,3104,2427,,
ros,3104,2428,,
goethals br,3103,2429,,
right equipment  lowest cost,3102,2430,,
nan,3102,2431,,
manhattan br,3100,2432,,
apple bank for savings,3099,2433,,
specials,3099,2434,,
hal,3099,2435,,
v2 mile,3098,2436,,
149 st,3096,2437,,
tone way,3094,2438,,
homes,3093,2439,,
prepaid,3091,2440,,
share,3091,2441,,
orchard beach,3087,2442,,
flatrate,3087,2443,,
mendon,3087,2444,,
xine,3086,2445,,
ving,3085,2446,,
cogie,3080,2447,,
starcraft,3079,2448,,
surgical,3079,2449,,
1130am,3078,2450,,
168 st,3077,2451,,
toohos,3077,2452,,
info,3074,2453,,
mis,3074,2454,,
staten,3073,2455,,
ита,3073,2456,,
all cash,3071,2457,,
hhhh,3071,2458,,
84 st,3069,2459,,
plastic,3068,2460,,
39 st,3067,2461,,
acupuncture,3066,2462,,
2 mile,3065,2463,,
cosmetics,3064,2464,,
boss,3062,2465,,
for fire dept,3060,2466,,
dominican,3058,2467,,
ster,3058,2468,,
new yor,3057,2469,,
papa johns,3056,2470,,
hennessy,3056,2471,,
in rear,3056,2472,,
painting,3054,2473,,
van wyck,3053,2474,,
exit 21,3053,2475,,
columbia,3052,2476,,
richmond ave,3051,2477,,
bedford,3051,2478,,
tavern,3051,2479,,
will,3051,2480,,
yard,3051,2481,,
properties,3048,2482,,
komatsu,3047,2483,,
lion,3046,2484,,
pain,3046,2485,,
safe,3045,2486,,
ens,3045,2487,,
at owners expense,3043,2488,,
mail,3043,2489,,
ani,3042,2490,,
bar  grill,3040,2491,,
except bikes,3037,2492,,
every day,3036,2493,,
french,3035,2494,,
capitalone,3033,2495,,
women,3033,2496,,
ide,3033,2497,,
werner,3031,2498,,
terminals,3030,2499,,
phone cards,3029,2500,,
no pa,3029,2501,,
cabinets,3027,2502,,
nix,3027,2503,,
department of,3026,2504,,
nce,3026,2505,,
nyp,3026,2506,,
flashdancers,3024,2507,,
training,3024,2508,,
drinks,3023,2509,,
jcpenney,3020,2510,,
compass,3019,2511,,
usdot 031080,3018,2512,,
nem,3017,2513,,
dont litter,3016,2514,,
agency,3015,2515,,
kosher,3015,2516,,
xxxx,3014,2517,,
gristedes,3011,2518,,
ассерт,3010,2519,,
contractors,3009,2520,,
get your,3009,2521,,
between,3008,2522,,
rough,3006,2523,,
bobs,3005,2524,,
cell,3004,2525,,
pier,3003,2526,,
trenton,3002,2527,,
for a cleaner,3000,2528,,
classes,2999,2529,,
fie,2998,2530,,
24 atm,2996,2531,,
wifi,2996,2532,,
new  used tires,2992,2533,,
gotham,2989,2534,,
auto repairs,2988,2535,,
shed,2988,2536,,
ket,2988,2537,,
ine way,2986,2538,,
ono,2986,2539,,
waterproofing,2985,2540,,
spirit,2985,2541,,
otherwise,2984,2542,,
food corp,2983,2543,,
41 st,2983,2544,,
above,2981,2545,,
show,2981,2546,,
ann,2981,2547,,
heights,2980,2548,,
78 st,2978,2549,,
m15,2978,2550,,
crosswalk,2977,2551,,
4 hybridbus,2976,2552,,
tit,2974,2553,,
thes,2972,2554,,
ladies,2970,2555,,
kohls,2969,2556,,
chin,2969,2557,,
rip,2969,2558,,
residential  commercial,2968,2559,,
closing,2968,2560,,
no st,2968,2561,,
brook,2967,2562,,
part,2967,2563,,
golden krust,2965,2564,,
one  way,2964,2565,,
wise,2964,2566,,
gen,2964,2567,,
llc,2964,2568,,
h h pkwy,2962,2569,,
cool,2962,2570,,
banking,2961,2571,,
maspeth,2956,2572,,
e e,2956,2573,,
college point,2954,2574,,
73 av,2954,2575,,
restaur,2953,2576,,
wwwrydercom,2952,2577,,
iter,2950,2578,,
limi,2950,2579,,
slow zone,2948,2580,,
tremont,2948,2581,,
ange,2946,2582,,
wer,2944,2583,,
steak,2943,2584,,
ora,2941,2585,,
49 st,2940,2586,,
new yorks,2939,2587,,
truck leasing inc,2937,2588,,
waste,2936,2589,,
мус,2935,2590,,
union av,2934,2591,,
seen,2934,2592,,
budweiser,2933,2593,,
tran,2933,2594,,
mil,2933,2595,,
dental care,2932,2596,,
urban,2932,2597,,
asa,2930,2598,,
divorce 399,2927,2599,,
out front,2923,2600,,
amsterdam av,2922,2601,,
pharmaci,2917,2602,,
ave p,2917,2603,,
whitestone expwy,2916,2604,,
cong,2916,2605,,
48 av,2913,2606,,
gio,2913,2607,,
hol,2913,2608,,
29 st,2911,2609,,
gran,2911,2610,,
pair,2911,2611,,
thin,2911,2612,,
kitchens,2907,2613,,
london,2906,2614,,
easy,2905,2615,,
dot,2905,2616,,
fall,2904,2617,,
massage,2902,2618,,
construction area,2901,2619,,
michael,2898,2620,,
ned,2898,2621,,
nat,2897,2622,,
cream,2894,2623,,
ease,2894,2624,,
marlboro,2893,2625,,
mobill,2892,2626,,
bio,2892,2627,,
rice,2890,2628,,
bushwick,2889,2629,,
ank,2887,2630,,
hom,2887,2631,,
w 181 st,2884,2632,,
93011am,2883,2633,,
pass,2883,2634,,
petland,2882,2635,,
look,2881,2636,,
taurant,2879,2637,,
cin,2878,2638,,
luxury rentals,2877,2639,,
millions,2877,2640,,
mitsubishi,2876,2641,,
wow,2876,2642,,
development,2875,2643,,
marble,2874,2644,,
take,2872,2645,,
northfield,2870,2646,,
citymd,2869,2647,,
lane ends,2868,2648,,
ron,2868,2649,,
prestige,2866,2650,,
rance,2865,2651,,
newyorkpresbyterian,2864,2652,,
nei,2864,2653,,
doi,2862,2654,,
costco,2861,2655,,
mobi,2860,2656,,
sou,2860,2657,,
mechanic,2859,2658,,
50 off,2857,2659,,
courtyard,2856,2660,,
50 st,2854,2661,,
aners,2854,2662,,
e 34 st,2853,2663,,
learn,2853,2664,,
ham,2853,2665,,
180044salem,2850,2666,,
rmacy,2850,2667,,
beef,2850,2668,,
choo,2850,2669,,
los,2850,2670,,
schodl,2849,2671,,
15 av,2849,2672,,
ris,2849,2673,,
ails,2848,2674,,
fun,2848,2675,,
23 st,2846,2676,,
accident,2845,2677,,
indian,2842,2678,,
store for,2841,2679,,
spot,2841,2680,,
dominican style,2840,2681,,
flower,2840,2682,,
tower,2840,2683,,
mortgages,2838,2684,,
jetblue,2837,2685,,
progressive,2834,2686,,
control,2834,2687,,
tri,2834,2688,,
salad bar,2833,2689,,
nuts,2833,2690,,
long is,2832,2691,,
sus,2832,2692,,
se habla español,2831,2693,,
granite,2831,2694,,
ina,2831,2695,,
matter,2830,2696,,
delt,2830,2697,,
what,2830,2698,,
gvw 80000,2829,2699,,
goods,2828,2700,,
deere,2827,2701,,
dods,2827,2702,,
leather,2826,2703,,
nev,2824,2704,,
99°,2823,2705,,
89 av,2822,2706,,
92 st,2822,2707,,
far,2822,2708,,
jcdecaux,2821,2709,,
tie,2819,2710,,
prosecuted,2818,2711,,
kohler,2817,2712,,
wood,2815,2713,,
inspections,2813,2714,,
civic,2812,2715,,
espresso,2811,2716,,
or rent,2811,2717,,
deluxe,2811,2718,,
phar,2810,2719,,
thai,2810,2720,,
sio,2810,2721,,
must use,2806,2722,,
one hay,2806,2723,,
magic,2806,2724,,
during,2805,2725,,
limiti,2805,2726,,
85 st,2805,2727,,
scrap,2804,2728,,
how i feel,2803,2729,,
doctors,2802,2730,,
54 st,2802,2731,,
fice,2802,2732,,
lau,2802,2733,,
belt pkwy east,2799,2734,,
ric,2799,2735,,
lime,2797,2736,,
mikes,2795,2737,,
donut,2793,2738,,
edders,2792,2739,,
11 st,2792,2740,,
resta,2791,2741,,
church of god,2789,2742,,
chaseg,2789,2743,,
sundco,2789,2744,,
21 av,2789,2745,,
continental,2788,2746,,
truck route,2788,2747,,
ship,2788,2748,,
apple bank,2786,2749,,
planet,2784,2750,,
44 st,2784,2751,,
rockaway beach,2782,2752,,
rockaway bivd,2782,2753,,
o standing,2782,2754,,
transfer,2782,2755,,
arista,2782,2756,,
touch,2782,2757,,
24 hour banking,2781,2758,,
dejana,2780,2759,,
performance,2778,2760,,
speedi,2778,2761,,
ave m,2777,2762,,
51 st,2775,2763,,
mal,2775,2764,,
rubicon,2773,2765,,
30 st,2773,2766,,
fashion optical,2772,2767,,
stella,2772,2768,,
intown,2771,2769,,
4kv,2769,2770,,
randalls is,2768,2771,,
watches,2768,2772,,
groc,2767,2773,,
schoolbus,2766,2774,,
piz,2766,2775,,
lite,2765,2776,,
free deliver,2764,2777,,
sine,2764,2778,,
her block,2762,2779,,
event,2761,2780,,
pri,2761,2781,,
county,2760,2782,,
clothes  shoes,2758,2783,,
morris,2758,2784,,
onle,2758,2785,,
cel,2758,2786,,
outerbridge cr,2757,2787,,
lim,2756,2788,,
gardens,2754,2789,,
suzuki,2754,2790,,
ches,2754,2791,,
j robinson pkwy,2752,2792,,
tech,2752,2793,,
madison ave,2751,2794,,
refresh,2749,2795,,
paper,2748,2796,,
hel,2747,2797,,
print,2745,2798,,
usdot,2745,2799,,
pist,2745,2800,,
rket,2745,2801,,
reg,2745,2802,,
coffe,2744,2803,,
sand,2744,2804,,
soho,2744,2805,,
cos,2744,2806,,
long island city,2741,2807,,
dous,2741,2808,,
cargo,2737,2809,,
wing,2736,2810,,
tun,2736,2811,,
services inc,2735,2812,,
welding,2735,2813,,
grand av,2734,2814,,
chiropractor,2732,2815,,
bushwick av,2732,2816,,
bicycles,2730,2817,,
chase c,2730,2818,,
l i expwy,2729,2819,,
dots,2728,2820,,
arthur kill rd,2727,2821,,
detail center,2727,2822,,
cleanenergy bus,2725,2823,,
sinc,2725,2824,,
nin,2722,2825,,
pai,2722,2826,,
blu,2721,2827,,
radio,2720,2828,,
tam,2718,2829,,
64 st,2717,2830,,
sic,2717,2831,,
new york sports clubs,2715,2832,,
local 1,2715,2833,,
serving,2715,2834,,
hou,2715,2835,,
sar,2713,2836,,
sponsored by,2712,2837,,
cer,2711,2838,,
ige,2710,2839,,
junk cars,2708,2840,,
zanis,2708,2841,,
hous,2708,2842,,
avi,2708,2843,,
scars,2703,2844,,
except buses,2702,2845,,
discover,2701,2846,,
belt pkwy west,2700,2847,,
estimates,2700,2848,,
cole,2700,2849,,
supe,2700,2850,,
midwood,2697,2851,,
for information,2694,2852,,
ales,2694,2853,,
ari,2694,2854,,
gem,2694,2855,,
tattoos,2693,2856,,
newmark,2692,2857,,
adt,2692,2858,,
fine 2 points,2691,2859,,
casino,2690,2860,,
37 st,2690,2861,,
books,2689,2862,,
cut,2688,2863,,
gym,2687,2864,,
sustainability,2686,2865,,
big apple,2686,2866,,
nassau,2686,2867,,
bid,2685,2868,,
ines,2684,2869,,
евт,2684,2870,,
rage,2683,2871,,
test,2682,2872,,
mattressfirm,2681,2873,,
ost,2680,2874,,
merchants,2679,2875,,
enterprises,2677,2876,,
bolla,2677,2877,,
valet,2677,2878,,
total transportation corp,2676,2879,,
hang,2675,2880,,
shot,2675,2881,,
nie,2675,2882,,
need,2674,2883,,
division,2673,2884,,
kings plaza,2671,2885,,
mudanzas,2671,2886,,
coo,2671,2887,,
cont,2670,2888,,
forest av,2669,2889,,
nel,2666,2890,,
ave k,2664,2891,,
gates,2664,2892,,
shore,2664,2893,,
stai,2664,2894,,
walkins,2663,2895,,
piece,2662,2896,,
lexington av,2661,2897,,
chase d,2661,2898,,
make your move,2660,2899,,
best route,2660,2900,,
lower,2660,2901,,
vans,2660,2902,,
war,2660,2903,,
halal meat,2657,2904,,
gimc,2656,2905,,
ocean pkwy,2654,2906,,
seniorcare,2654,2907,,
iglesia,2654,2908,,
tar,2654,2909,,
ler,2653,2910,,
surgery,2651,2911,,
ligh,2651,2912,,
of new york llc,2650,2913,,
scorpion,2649,2914,,
uto,2649,2915,,
cocktails,2647,2916,,
sundays,2647,2917,,
12 hour,2646,2918,,
lga,2646,2919,,
vehicles towed,2645,2920,,
caribbean,2644,2921,,
removal,2644,2922,,
usagain,2644,2923,,
controls,2643,2924,,
2021 g,2643,2925,,
prospect av,2640,2926,,
bella,2640,2927,,
12 st,2639,2928,,
audi,2638,2929,,
bai,2638,2930,,
lea,2638,2931,,
romat,2637,2932,,
read,2637,2933,,
got,2636,2934,,
h hudson pkwy,2634,2935,,
towed,2633,2936,,
orp,2632,2937,,
please call,2631,2938,,
brown,2631,2939,,
a week,2630,2940,,
veri onwireless,2629,2941,,
exit 29,2629,2942,,
ave n,2627,2943,,
coastal,2625,2944,,
spectrumcom,2624,2945,,
blade,2624,2946,,
bun,2624,2947,,
lai,2624,2948,,
queensboro,2620,2949,,
e 96 st,2618,2950,,
vote,2618,2951,,
fle,2618,2952,,
por,2615,2953,,
port,2614,2954,,
mox,2614,2955,,
vel,2612,2956,,
close,2611,2957,,
dex,2609,2958,,
expres,2608,2959,,
alarms,2604,2960,,
ete,2604,2961,,
commercial space,2603,2962,,
capital one,2602,2963,,
brookly,2602,2964,,
dunkin donuts,2601,2965,,
led,2601,2966,,
guinness,2600,2967,,
tere,2600,2968,,
uesday,2597,2969,,
our low decks,2595,2970,,
dean st,2595,2971,,
83 st,2595,2972,,
chase t,2594,2973,,
¼ mile,2594,2974,,
in the,2594,2975,,
hello,2593,2976,,
dent,2592,2977,,
history,2590,2978,,
mel,2589,2979,,
hunter,2588,2980,,
alle,2588,2981,,
we are open,2587,2982,,
ped,2586,2983,,
830am  9am,2585,2984,,
sime,2584,2985,,
nal,2584,2986,,
upholstery,2583,2987,,
meter,2583,2988,,
va mile,2582,2989,,
atlantis,2581,2990,,
delicious,2580,2991,,
ralph av,2580,2992,,
game,2580,2993,,
foo,2580,2994,,
len,2580,2995,,
cross island,2578,2996,,
acdelco,2576,2997,,
47 av,2576,2998,,
inte,2576,2999,,
johnson,2573,3000,,
rapid,2571,3001,,
forced,2570,3002,,
plan,2570,3003,,
brake,2568,3004,,
hee,2568,3005,,
siding,2566,3006,,
except authorized,2565,3007,,
walkin,2565,3008,,
rental reservations 1800byryder,2564,3009,,
tuneup,2559,3010,,
bron,2556,3011,,
dre,2554,3012,,
sutter av,2553,3013,,
dele,2553,3014,,
truck sales,2552,3015,,
sweet,2552,3016,,
gar,2551,3017,,
installations,2550,3018,,
your car,2550,3019,,
dealer,2550,3020,,
throgs neck,2549,3021,,
union tpk,2549,3022,,
chill,2549,3023,,
nostrand,2546,3024,,
wedding,2546,3025,,
money orders,2545,3026,,
to standing,2544,3027,,
ite,2544,3028,,
jeans,2543,3029,,
lat,2543,3030,,
carniceria,2541,3031,,
highway,2541,3032,,
exit 25,2540,3033,,
sidewalk shed,2539,3034,,
ml 350,2538,3035,,
knickerbocker,2535,3036,,
centers,2534,3037,,
amoco,2534,3038,,
girls,2534,3039,,
tim,2533,3040,,
rei,2532,3041,,
bronx ny,2530,3042,,
recycle,2530,3043,,
science,2529,3044,,
hea,2528,3045,,
snix,2527,3046,,
step,2526,3047,,
open 7 days a week,2525,3048,,
eng,2525,3049,,
bal,2524,3050,,
uniforms,2523,3051,,
amo,2523,3052,,
wor,2523,3053,,
ston,2522,3054,,
machine,2521,3055,,
bleecker st,2519,3056,,
bronx river,2519,3057,,
for you,2518,3058,,
val,2517,3059,,
appliance,2516,3060,,
together,2516,3061,,
scrap metal,2515,3062,,
10 st,2513,3063,,
serve,2513,3064,,
nest,2509,3065,,
general mechanic,2508,3066,,
ft hamilton,2508,3067,,
tailors,2507,3068,,
fdr dr,2507,3069,,
70 st,2507,3070,,
watch for,2506,3071,,
explorer,2506,3072,,
johns,2506,3073,,
ovo,2506,3074,,
charter,2505,3075,,
76 st,2505,3076,,
vis,2505,3077,,
jfk airport,2504,3078,,
verizon ny,2504,3079,,
trinity,2504,3080,,
stat,2504,3081,,
keep back,2503,3082,,
o parking,2501,3083,,
dromat,2501,3084,,
open to the public,2499,3085,,
suspended,2499,3086,,
cleane,2498,3087,,
premises,2496,3088,,
regency,2496,3089,,
225 st,2496,3090,,
conway,2496,3091,,
oney,2496,3092,,
private parking lot,2495,3093,,
nypd traffic,2495,3094,,
m101,2495,3095,,
bklynons expwy,2493,3096,,
tam  6pm,2492,3097,,
stamps,2490,3098,,
attorney at law,2489,3099,,
enter here,2489,3100,,
2019 god,2489,3101,,
beverages,2488,3102,,
doubled for,2487,3103,,
advanced,2486,3104,,
security op,2485,3105,,
13 av,2485,3106,,
39 av,2485,3107,,
59 st,2484,3108,,
oodle,2484,3109,,
urant,2484,3110,,
mobil mart,2483,3111,,
sne,2483,3112,,
23 av,2482,3113,,
reliant transportation inc,2481,3114,,
roc,2481,3115,,
exiti,2480,3116,,
pust,2480,3117,,
nationwide,2478,3118,,
chiropractic,2476,3119,,
ong,2475,3120,,
corona park,2474,3121,,
2022 g00,2474,3122,,
vailable,2473,3123,,
ypd,2473,3124,,
computerized,2471,3125,,
grocery corp,2471,3126,,
tobacco,2471,3127,,
winick,2471,3128,,
41 av,2471,3129,,
hidden,2470,3130,,
vic,2470,3131,,
woodside ny 11377,2468,3132,,
10000 reward,2467,3133,,
deegan,2467,3134,,
truck share 247,2464,3135,,
baker,2464,3136,,
mdx,2464,3137,,
wait for,2463,3138,,
freshdirect,2462,3139,,
henry,2461,3140,,
home delivery,2460,3141,,
e 177 st,2460,3142,,
auto center,2458,3143,,
fol,2458,3144,,
ood,2457,3145,,
too,2457,3146,,
frontier,2456,3147,,
laun,2454,3148,,
cre,2454,3149,,
mos,2454,3150,,
sbh,2454,3151,,
retail space available,2453,3152,,
payomatic,2452,3153,,
holland,2452,3154,,
cine,2452,3155,,
ard,2452,3156,,
martial arts,2451,3157,,
left exit,2451,3158,,
garden inn,2450,3159,,
sat sun,2450,3160,,
ie way,2450,3161,,
perfect,2449,3162,,
tell,2449,3163,,
people,2448,3164,,
wear,2448,3165,,
or lease,2446,3166,,
boys,2446,3167,,
corporate,2444,3168,,
enjoy,2443,3169,,
auto collision,2442,3170,,
lace,2442,3171,,
700hos,2440,3172,,
third av,2439,3173,,
69 rd,2439,3174,,
tiles,2439,3175,,
9 202,2437,3176,,
tony,2437,3177,,
hit,2436,3178,,
shi,2435,3179,,
restricted,2434,3180,,
ny state,2434,3181,,
pan,2433,3182,,
grand ave,2432,3183,,
to the,2432,3184,,
venue,2431,3185,,
shakes,2430,3186,,
pacific st,2429,3187,,
g w bridge,2428,3188,,
securecom,2428,3189,,
fabrics,2428,3190,,
16 av,2428,3191,,
tate,2426,3192,,
rel,2425,3193,,
la guardia airport,2424,3194,,
cash for,2424,3195,,
hair studio,2423,3196,,
radiology,2423,3197,,
flooring,2423,3198,,
vitamin,2423,3199,,
nex,2423,3200,,
kitchen  bath,2422,3201,,
dream,2422,3202,,
det,2422,3203,,
park avenue,2417,3204,,
unique,2417,3205,,
74 st,2417,3206,,
the new,2416,3207,,
online,2415,3208,,
essen,2415,3209,,
ack,2415,3210,,
bri,2415,3211,,
cvs pharmacy,2414,3212,,
body shop,2414,3213,,
bar  restaurant,2413,3214,,
digicel,2412,3215,,
living,2412,3216,,
kind,2412,3217,,
shor,2412,3218,,
concourse,2411,3219,,
newark nj,2410,3220,,
persons,2410,3221,,
bergen st,2409,3222,,
vino,2409,3223,,
transportation inc,2408,3224,,
57 st,2407,3225,,
information,2406,3226,,
reade,2405,3227,,
cones,2404,3228,,
tours,2404,3229,,
une,2404,3230,,
housewares,2400,3231,,
coach,2398,3232,,
young,2397,3233,,
ahea,2397,3234,,
nas,2396,3235,,
registration,2394,3236,,
harris,2394,3237,,
wat,2393,3238,,
pres,2392,3239,,
dry cleaner,2390,3240,,
ead,2387,3241,,
stationery,2386,3242,,
vers,2386,3243,,
bea,2385,3244,,
ray,2385,3245,,
harvest,2384,3246,,
dal,2384,3247,,
1800byryder,2383,3248,,
forever,2383,3249,,
cigar,2383,3250,,
tols,2382,3251,,
livery,2380,3252,,
dock,2380,3253,,
auto zone,2378,3254,,
adult,2378,3255,,
fin,2378,3256,,
brooklyn ny 11231,2377,3257,,
mister,2377,3258,,
h h,2377,3259,,
eggs,2376,3260,,
breakfast  lunch  dinner,2375,3261,,
bronx ny 10474,2374,3262,,
verrazano,2374,3263,,
colgate,2374,3264,,
idling,2374,3265,,
dia,2374,3266,,
refrigeration,2373,3267,,
1230 рм,2373,3268,,
rkf,2373,3269,,
authority,2371,3270,,
100h,2371,3271,,
ours,2371,3272,,
scar,2370,3273,,
ont,2370,3274,,
right equipment lowest cost,2369,3275,,
tp 120,2369,3276,,
bon,2369,3277,,
base,2368,3278,,
fox,2368,3279,,
mari,2367,3280,,
dor,2365,3281,,
dons,2364,3282,,
stop for,2362,3283,,
sleep,2362,3284,,
mic,2362,3285,,
fleet,2360,3286,,
wine  spirits,2359,3287,,
bridgestone,2359,3288,,
its the law,2359,3289,,
acc,2359,3290,,
dee,2359,3291,,
taco bell,2358,3292,,
no commercial traffic,2357,3293,,
sols,2357,3294,,
mad,2356,3295,,
goya,2355,3296,,
imit,2355,3297,,
tlc,2354,3298,,
dole,2350,3299,,
violators will,2349,3300,,
81 st,2349,3301,,
discount store,2348,3302,,
broadwa,2348,3303,,
ave c,2348,3304,,
video surveillance,2347,3305,,
tru,2347,3306,,
insured,2346,3307,,
hie,2346,3308,,
smith,2344,3309,,
snack,2344,3310,,
ders,2344,3311,,
sunico,2342,3312,,
fridays,2341,3313,,
cro,2341,3314,,
nyo,2341,3315,,
clean up,2340,3316,,
facility,2340,3317,,
169 st,2340,3318,,
rich,2340,3319,,
soup,2340,3320,,
free pickup  delivery,2339,3321,,
bie,2338,3322,,
46 av,2337,3323,,
ight,2337,3324,,
wonder,2336,3325,,
ping,2336,3326,,
la fitness,2334,3327,,
guarantee,2331,3328,,
morris av,2330,3329,,
money centers,2328,3330,,
pc richard,2328,3331,,
ity,2328,3332,,
customer parking,2327,3333,,
future,2327,3334,,
ness,2327,3335,,
exterior,2326,3336,,
standard,2326,3337,,
violators will be,2325,3338,,
advance,2325,3339,,
when,2325,3340,,
monday • friday,2324,3341,,
tillary st,2324,3342,,
laund,2322,3343,,
malls,2321,3344,,
aus,2321,3345,,
147 st,2319,3346,,
pastor,2319,3347,,
sed,2319,3348,,
halloween,2318,3349,,
ily,2318,3350,,
model,2317,3351,,
hin,2317,3352,,
proceed with,2316,3353,,
toll bridge,2316,3354,,
reading,2315,3355,,
for more information,2314,3356,,
comi,2314,3357,,
licensed  insured,2312,3358,,
56 st,2311,3359,,
dogs,2310,3360,,
jes,2309,3361,,
sheepshead bay,2308,3362,,
sur,2308,3363,,
3 ave,2307,3364,,
army,2307,3365,,
enc,2307,3366,,
medicare,2306,3367,,
personal,2306,3368,,
ridge,2305,3369,,
sle,2304,3370,,
tic,2304,3371,,
events,2302,3372,,
lukoil,2302,3373,,
sure,2302,3374,,
hudson st,2301,3375,,
east coast,2298,3376,,
73 st,2298,3377,,
coor,2298,3378,,
lexus,2297,3379,,
kine,2297,3380,,
fdr,2297,3381,,
maj deegan expwy,2295,3382,,
readings,2295,3383,,
path,2295,3384,,
violators will be towed,2294,3385,,
rac,2294,3386,,
project,2293,3387,,
hills,2293,3388,,
suits,2293,3389,,
site safety,2292,3390,,
mind,2292,3391,,
craft beer,2291,3392,,
sodas,2291,3393,,
thank,2291,3394,,
ince,2291,3395,,
merrick bivd,2289,3396,,
ail,2289,3397,,
kingdom,2287,3398,,
free estimate,2285,3399,,
32 av,2285,3400,,
hylan,2285,3401,,
cuts,2285,3402,,
b g,2284,3403,,
danella,2283,3404,,
e 149 st,2282,3405,,
marine,2282,3406,,
40 st,2281,3407,,
apts,2281,3408,,
new york city transit,2280,3409,,
on premises,2278,3410,,
oneway  intown rentals,2277,3411,,
webster ave,2277,3412,,
flu,2276,3413,,
temporary,2274,3414,,
storage mart,2273,3415,,
dvd,2272,3416,,
skanska,2271,3417,,
avon,2271,3418,,
25 cu yds,2270,3419,,
southern,2270,3420,,
fel,2270,3421,,
opportunity,2268,3422,,
mt new york city bus,2267,3423,,
hunts point mkt,2267,3424,,
gates av,2267,3425,,
gri,2266,3426,,
lar,2266,3427,,
ret,2266,3428,,
retail space for lease,2265,3429,,
hutchinson,2265,3430,,
everbilt,2265,3431,,
tai,2265,3432,,
wine  liquors,2264,3433,,
str,2264,3434,,
24 hr parking,2263,3435,,
clo,2263,3436,,
excellence,2262,3437,,
curbside,2262,3438,,
tanning,2261,3439,,
nino,2261,3440,,
ona,2260,3441,,
8am  midnight,2258,3442,,
drop off only,2258,3443,,
east new york,2258,3444,,
springfield bivd,2255,3445,,
staten is expwy,2255,3446,,
chrysler,2255,3447,,
mon fri,2254,3448,,
ara,2254,3449,,
hov lane,2253,3450,,
sunshine,2253,3451,,
fore,2253,3452,,
joes,2253,3453,,
craft,2251,3454,,
stops,2251,3455,,
tat,2251,3456,,
exit 33,2249,3457,,
ofe,2249,3458,,
hire,2247,3459,,
clove rd,2246,3460,,
ave j,2245,3461,,
cashi,2245,3462,,
cross bay bivd,2242,3463,,
public parking,2242,3464,,
prince,2242,3465,,
cou,2242,3466,,
friends,2241,3467,,
some,2241,3468,,
bed,2241,3469,,
a cars,2240,3470,,
barnes,2240,3471,,
restau,2240,3472,,
wakefield,2239,3473,,
unfi,2239,3474,,
parsons bivd,2238,3475,,
718 7297474,2237,3476,,
67 st,2237,3477,,
sky,2237,3478,,
around,2236,3479,,
mobil service,2235,3480,,
62 st,2233,3481,,
elle,2233,3482,,
meg,2233,3483,,
morris park,2232,3484,,
sugar,2232,3485,,
grocery  deli,2231,3486,,
63 st,2231,3487,,
dors,2230,3488,,
tare,2230,3489,,
central av,2229,3490,,
parsons,2228,3491,,
before,2228,3492,,
envios de dinero,2227,3493,,
medica,2227,3494,,
thor,2227,3495,,
sil,2227,3496,,
izza,2226,3497,,
victory bivd,2225,3498,,
kmart,2225,3499,,
doo,2225,3500,,
detail,2224,3501,,
toy,2224,3502,,
hotels,2222,3503,,
anno,2222,3504,,
ear,2222,3505,,
flanigan,2221,3506,,
animal,2221,3507,,
clinton st,2220,3508,,
chic,2220,3509,,
jerome,2218,3510,,
gift shop,2217,3511,,
newyork,2217,3512,,
w 155 st,2216,3513,,
coop,2216,3514,,
movers,2215,3515,,
metropolitan ave,2214,3516,,
act,2214,3517,,
sca,2214,3518,,
park here,2212,3519,,
aheadi,2212,3520,,
braces,2211,3521,,
think,2211,3522,,
m102,2211,3523,,
beaut,2210,3524,,
day care center,2209,3525,,
credit cards,2209,3526,,
dekalb av,2208,3527,,
600g,2208,3528,,
bra,2208,3529,,
official fuel,2206,3530,,
walton,2206,3531,,
oren,2206,3532,,
scaffold  hoist,2201,3533,,
hylan bivd,2201,3534,,
rugs,2200,3535,,
ple,2200,3536,,
ung,2200,3537,,
walkins welcome,2199,3538,,
surgical supplies,2198,3539,,
tropical,2198,3540,,
hybrid,2197,3541,,
register now,2195,3542,,
us mail,2194,3543,,
we have,2194,3544,,
truc,2194,3545,,
fur,2194,3546,,
woodside,2192,3547,,
lis,2192,3548,,
bklyn,2191,3549,,
skin care,2190,3550,,
corcoran,2190,3551,,
sabret,2190,3552,,
offic,2189,3553,,
o target,2188,3554,,
jersey,2187,3555,,
bros,2186,3556,,
washington av,2185,3557,,
free pick up,2185,3558,,
eastchester,2184,3559,,
tundra,2184,3560,,
to 1 pm,2183,3561,,
loan,2183,3562,,
dedication at every turn,2182,3563,,
grocery store,2182,3564,,
genter,2182,3565,,
hope,2182,3566,,
mix,2181,3567,,
rep,2181,3568,,
distributors,2180,3569,,
gova,2179,3570,,
open 24hrs,2178,3571,,
nycha,2178,3572,,
rooter,2177,3573,,
one way»,2176,3574,,
service inc,2175,3575,,
laundrom,2175,3576,,
ione,2175,3577,,
7 days a week,2174,3578,,
500 ft,2174,3579,,
coors,2174,3580,,
will u go,2173,3581,,
cameras,2172,3582,,
162 st,2172,3583,,
adidas,2172,3584,,
always,2170,3585,,
rain,2170,3586,,
a delta,2169,3587,,
schi,2169,3588,,
1230 pm,2168,3589,,
ailable,2168,3590,,
ght,2168,3591,,
little neck pkwy,2167,3592,,
food center,2166,3593,,
great dane,2166,3594,,
specializing in,2165,3595,,
kenworth,2165,3596,,
soups,2165,3597,,
tino,2163,3598,,
three,2162,3599,,
mone,2162,3600,,
baskin br robbins,2161,3601,,
coffee  more,2161,3602,,
11 av,2161,3603,,
sound,2161,3604,,
dish,2161,3605,,
anc,2161,3606,,
say,2161,3607,,
malliotakis,2160,3608,,
36 av,2160,3609,,
landscaping,2159,3610,,
a duiepyle,2159,3611,,
nge,2159,3612,,
3 hr limit,2158,3613,,
38 av,2158,3614,,
onuts,2158,3615,,
drop off  self service,2156,3616,,
pharmacy rx,2156,3617,,
tele,2156,3618,,
fort,2155,3619,,
88 st,2154,3620,,
locks,2154,3621,,
payless signs,2153,3622,,
bolla market,2152,3623,,
at vehicle,2152,3624,,
55 st,2152,3625,,
quick lube,2151,3626,,
hallen,2149,3627,,
no pari,2148,3628,,
noparking,2147,3629,,
large,2147,3630,,
sno standing,2146,3631,,
pilates,2146,3632,,
90 st,2144,3633,,
past,2144,3634,,
eri,2144,3635,,
irking,2143,3636,,
sales  service,2142,3637,,
realty inc,2142,3638,,
multiple,2142,3639,,
eed,2142,3640,,
autozone,2141,3641,,
sile,2141,3642,,
affinity health plan,2139,3643,,
kamco,2139,3644,,
nudep,2139,3645,,
available inside,2138,3646,,
franklin,2138,3647,,
ress,2138,3648,,
welcom,2137,3649,,
pure,2137,3650,,
rio,2135,3651,,
city of new york,2134,3652,,
humboldt st,2134,3653,,
tour,2133,3654,,
lowest,2132,3655,,
flatbush ave,2130,3656,,
dad,2130,3657,,
notor vehicle,2129,3658,,
abs,2129,3659,,
wax,2129,3660,,
franklin av,2127,3661,,
800painlaw,2127,3662,,
hursday,2127,3663,,
lotteri,2126,3664,,
schooli,2126,3665,,
130 st,2126,3666,,
то 1рм,2125,3667,,
feet,2125,3668,,
hydrant,2124,3669,,
murphy,2124,3670,,
aarons,2123,3671,,
epair,2123,3672,,
7am  7 pm,2122,3673,,
skechers,2121,3674,,
718 3533355,2119,3675,,
maximum fine,2118,3676,,
space for,2118,3677,,
monroe,2118,3678,,
park slope,2117,3679,,
fifth ave,2117,3680,,
ves,2117,3681,,
and more,2116,3682,,
awnings,2116,3683,,
astoria ny 11105,2114,3684,,
shine,2114,3685,,
emc,2114,3686,,
мта,2114,3687,,
pitkin av,2113,3688,,
extra space,2112,3689,,
ond,2111,3690,,
around the corner,2110,3691,,
kes,2109,3692,,
sit,2109,3693,,
story,2108,3694,,
titt,2108,3695,,
genesis,2107,3696,,
food stamp,2105,3697,,
jfk expwy,2105,3698,,
gabrielli,2104,3699,,
fir,2104,3700,,
skin,2103,3701,,
nam,2103,3702,,
vac,2103,3703,,
bar  lounge,2102,3704,,
malcolm x,2102,3705,,
driver,2102,3706,,
½ mile,2101,3707,,
aqui,2101,3708,,
oute,2101,3709,,
boo,2101,3710,,
166 st,2100,3711,,
alla,2100,3712,,
conedcom,2099,3713,,
102 st,2098,3714,,
ich,2097,3715,,
miller,2096,3716,,
tres,2095,3717,,
fire lane,2094,3718,,
hero,2094,3719,,
gan,2094,3720,,
sco,2094,3721,,
flushing meadows,2093,3722,,
versalift,2092,3723,,
true value,2091,3724,,
christian,2091,3725,,
richard,2091,3726,,
cus,2091,3727,,
vie,2091,3728,,
we finance,2090,3729,,
environmental,2088,3730,,
toni,2088,3731,,
jefferson,2087,3732,,
marathon,2087,3733,,
tax services,2086,3734,,
unt,2086,3735,,
this bus,2085,3736,,
120 av,2084,3737,,
ultras,2084,3738,,
healthcare,2083,3739,,
on way,2083,3740,,
omega,2082,3741,,
book,2082,3742,,
window tinting,2080,3743,,
ytime,2080,3744,,
b82,2080,3745,,
run,2080,3746,,
drive now rent your phone,2079,3747,,
frederick douglass,2078,3748,,
td bank,2077,3749,,
115 av,2077,3750,,
vices,2077,3751,,
loop,2077,3752,,
9 a,2077,3753,,
dai,2077,3754,,
free dry,2076,3755,,
crocery,2076,3756,,
on the,2076,3757,,
stoe,2076,3758,,
galaxy,2075,3759,,
ita,2075,3760,,
apartments for rent,2074,3761,,
interior,2074,3762,,
68 st,2074,3763,,
serv,2074,3764,,
bay pkwy,2073,3765,,
focus,2072,3766,,
servi,2072,3767,,
availabl,2071,3768,,
pret,2071,3769,,
no e,2070,3770,,
houseware,2069,3771,,
ruck,2069,3772,,
ish,2069,3773,,
e tremont av,2068,3774,,
phillips,2067,3775,,
falafel,2067,3776,,
99g,2067,3777,,
alarm,2066,3778,,
soap,2066,3779,,
ters,2066,3780,,
rie,2066,3781,,
brooklyn ny 11211,2065,3782,,
president,2065,3783,,
mili,2065,3784,,
firm,2064,3785,,
steinway,2063,3786,,
mens wearhouse,2062,3787,,
vodka,2062,3788,,
taqueria,2061,3789,,
east village,2060,3790,,
212 st,2060,3791,,
eaners,2060,3792,,
mirrors,2059,3793,,
7 am  7 pm,2058,3794,,
ivoice,2057,3795,,
dod,2057,3796,,
largest,2056,3797,,
45 av,2056,3798,,
2022 gol,2055,3799,,
roses,2054,3800,,
telco,2054,3801,,
ama,2054,3802,,
ugg,2054,3803,,
foot locker,2053,3804,,
marine park,2053,3805,,
artois,2053,3806,,
liu,2053,3807,,
torage,2052,3808,,
urs,2050,3809,,
times square,2049,3810,,
otten,2049,3811,,
ware,2049,3812,,
insulation,2048,3813,,
count,2047,3814,,
cis,2047,3815,,
xit,2046,3816,,
columbus,2045,3817,,
ink,2045,3818,,
school safety,2044,3819,,
alt route,2044,3820,,
ashes inc,2043,3821,,
14 st,2042,3822,,
undromat,2041,3823,,
availa,2041,3824,,
need a,2041,3825,,
72 st,2041,3826,,
rai,2041,3827,,
comp,2040,3828,,
sno,2040,3829,,
chocolate,2039,3830,,
laguardia,2039,3831,,
abogados,2039,3832,,
125 st,2039,3833,,
flats,2039,3834,,
els,2039,3835,,
bedbath,2038,3836,,
этор,2037,3837,,
building for sale,2036,3838,,
animal hospital,2036,3839,,
institute,2036,3840,,
or sale,2036,3841,,
floors,2036,3842,,
50 av,2035,3843,,
rise,2035,3844,,
arm,2035,3845,,
adopta highway,2034,3846,,
bus transit,2033,3847,,
avail,2033,3848,,
oasis,2032,3849,,
mol,2032,3850,,
grimm,2031,3851,,
shots,2031,3852,,
fairfield,2028,3853,,
sams,2028,3854,,
tol,2028,3855,,
hicks st,2027,3856,,
davids,2026,3857,,
wines  spirits,2025,3858,,
steak house,2025,3859,,
mcdonald,2025,3860,,
hale,2025,3861,,
cop,2025,3862,,
juniors,2024,3863,,
sage,2024,3864,,
spi,2024,3865,,
mortgage,2023,3866,,
58 av,2023,3867,,
vivero,2022,3868,,
zones,2022,3869,,
hwy,2022,3870,,
tos,2022,3871,,
new york ny,2021,3872,,
passenger cars,2020,3873,,
police dept,2020,3874,,
team,2020,3875,,
ebi,2019,3876,,
perfumes,2018,3877,,
farmers bivd,2017,3878,,
inix,2017,3879,,
hard hats,2016,3880,,
pacific,2016,3881,,
idealease,2015,3882,,
donalds,2014,3883,,
anyti,2014,3884,,
shopping center,2013,3885,,
money gram,2013,3886,,
arc,2013,3887,,
aksr,2012,3888,,
tot,2012,3889,,
laundr,2011,3890,,
77 st,2011,3891,,
beau,2011,3892,,
52nd  broadway,2010,3893,,
nova,2010,3894,,
campus,2009,3895,,
one wai,2008,3896,,
lal,2008,3897,,
greener nyc,2007,3898,,
self serve,2007,3899,,
barbers,2007,3900,,
204 st,2007,3901,,
ced,2007,3902,,
white castle,2006,3903,,
specia,2006,3904,,
kaufman,2005,3905,,
duane,2004,3906,,
atat,2003,3907,,
rem,2003,3908,,
83010 мм,2002,3909,,
warner,2002,3910,,
vehicles will be,2001,3911,,
ното,2001,3912,,
iglesia pentecostal,2000,3913,,
10 0,2000,3914,,
reliable,1999,3915,,
four,1999,3916,,
sneakers,1998,3917,,
iss,1998,3918,,
gas sale,1997,3919,,
orced,1996,3920,,
fresh meat,1994,3921,,
distance,1993,3922,,
podiatry,1993,3923,,
newspapers,1992,3924,,
hats,1992,3925,,
murray st,1991,3926,,
bedrooms,1989,3927,,
builders,1988,3928,,
dar,1987,3929,,
maurice ave,1986,3930,,
we buy cars,1986,3931,,
private parking,1985,3932,,
now only,1985,3933,,
rockport,1985,3934,,
one • way,1984,3935,,
rosedale,1984,3936,,
dies,1984,3937,,
phot,1984,3938,,
multiplex,1983,3939,,
caesars,1983,3940,,
bistro,1983,3941,,
lie,1983,3942,,
alm,1982,3943,,
employee,1981,3944,,
alo,1979,3945,,
ries,1978,3946,,
dro,1978,3947,,
6pm  midnight,1977,3948,,
petro,1977,3949,,
ays,1977,3950,,
sals,1976,3951,,
ve way,1974,3952,,
none,1974,3953,,
gou,1974,3954,,
2pm  7pm,1973,3955,,
pogie,1973,3956,,
trash,1973,3957,,
bas,1972,3958,,
bruckner bivd,1971,3959,,
ano parking,1971,3960,,
onet,1971,3961,,
castle hill ave,1970,3962,,
car was,1969,3963,,
sche,1968,3964,,
7n0,1968,3965,,
doost,1967,3966,,
gamestop,1966,3967,,
co inc,1966,3968,,
dentista,1965,3969,,
macombs dam br,1964,3970,,
columbus av,1964,3971,,
lotless,1964,3972,,
luesday,1964,3973,,
the new york state,1963,3974,,
24 av,1963,3975,,
sali,1963,3976,,
road closed,1962,3977,,
whats going on here,1961,3978,,
2022 g00g,1961,3979,,
your city,1961,3980,,
tint,1961,3981,,
care center,1960,3982,,
gril,1960,3983,,
push,1960,3984,,
alba,1959,3985,,
1800 gofedex,1958,3986,,
transit 250,1958,3987,,
52 st,1958,3988,,
pastries,1957,3989,,
diagnostics,1956,3990,,
e 180 st,1956,3991,,
pis,1956,3992,,
ave x,1955,3993,,
colo,1955,3994,,
oneway  intown moves,1954,3995,,
affordable,1954,3996,,
2023 go,1954,3997,,
cac,1954,3998,,
store hours,1953,3999,,
brokerage,1953,4000,,
ques,1953,4001,,
brookdale,1951,4002,,
chop,1951,4003,,
bag,1951,4004,,
finance,1950,4005,,
bur,1950,4006,,
sheathing,1949,4007,,
were open,1949,4008,,
sundaes,1949,4009,,
rec,1949,4010,,
douglaston,1948,4011,,
museum of,1948,4012,,
zon,1948,4013,,
professionals,1947,4014,,
e 23 st,1947,4015,,
lable,1947,4016,,
foot rub,1945,4017,,
baptist,1944,4018,,
tina,1944,4019,,
bat,1944,4020,,
tex,1944,4021,,
try,1944,4022,,
occasions,1943,4023,,
subway®,1943,4024,,
towers,1943,4025,,
rand,1943,4026,,
ori,1941,4027,,
west end av,1940,4028,,
fedder,1940,4029,,
10g,1940,4030,,
ого,1940,4031,,
tanding,1938,4032,,
brick,1938,4033,,
ral,1938,4034,,
contracting corp,1937,4035,,
greinermaltz,1937,4036,,
coll,1937,4037,,
hote,1936,4038,,
rus,1936,4039,,
und,1936,4040,,
camp,1935,4041,,
cla,1935,4042,,
bin,1934,4043,,
nee,1934,4044,,
ump,1934,4045,,
simply,1933,4046,,
astoria blvd,1932,4047,,
van dam st,1932,4048,,
anyt,1932,4049,,
hell,1932,4050,,
carwash,1931,4051,,
cia,1931,4052,,
industries,1930,4053,,
roma,1930,4054,,
24 st,1929,4055,,
bam,1929,4056,,
10l,1928,4057,,
pat,1928,4058,,
protection,1927,4059,,
exit 22a,1927,4060,,
1000 ft,1927,4061,,
era,1927,4062,,
cakes,1926,4063,,
spen,1926,4064,,
williamsburg br,1925,4065,,
deli corp,1925,4066,,
magazines,1925,4067,,
canarsie,1925,4068,,
donuts®,1925,4069,,
tia,1925,4070,,
ote,1924,4071,,
for the,1923,4072,,
stanley,1923,4073,,
peps,1923,4074,,
association,1922,4075,,
jewel ave,1922,4076,,
97 st,1922,4077,,
even,1922,4078,,
emergency medical services,1921,4079,,
send,1921,4080,,
brooklyn ny 11237,1920,4081,,
ramp 25 mph,1920,4082,,
coop city,1919,4083,,
eats,1919,4084,,
ese,1919,4085,,
we buy houses,1915,4086,,
stur,1915,4087,,
professional nail care,1914,4088,,
chanel,1914,4089,,
ony,1913,4090,,
anytine,1912,4091,,
file,1912,4092,,
last exit before toll,1911,4093,,
renting,1911,4094,,
standi,1910,4095,,
gun hill rd,1909,4096,,
109 av,1909,4097,,
ded,1909,4098,,
dermatology,1908,4099,,
central park,1906,4100,,
hoo,1906,4101,,
balancing,1905,4102,,
relax,1904,4103,,
upper,1904,4104,,
gon,1904,4105,,
hoi,1904,4106,,
family dentistry,1903,4107,,
hand wash,1903,4108,,
4х4,1903,4109,,
welco,1902,4110,,
pedestrians,1901,4111,,
mcneilus,1900,4112,,
3 st,1900,4113,,
fool,1900,4114,,
banners,1899,4115,,
till,1898,4116,,
dynamic,1897,4117,,
holiday,1897,4118,,
aca,1897,4119,,
lam,1897,4120,,
noo,1897,4121,,
auto service,1896,4122,,
foster,1896,4123,,
lass,1896,4124,,
wrap,1896,4125,,
jerome ave,1895,4126,,
e 125 st,1895,4127,,
heart,1895,4128,,
queens library,1894,4129,,
on broadway,1894,4130,,
worldwide,1894,4131,,
urniture,1894,4132,,
tune up,1894,4133,,
breakfas,1893,4134,,
lincoln center,1891,4135,,
gotham health,1891,4136,,
har block,1891,4137,,
pizzeria  restaurant,1890,4138,,
northwell,1890,4139,,
odyssey,1889,4140,,
moved,1888,4141,,
botanical,1887,4142,,
polic,1887,4143,,
tas,1887,4144,,
wal,1887,4145,,
thru traffic,1886,4146,,
find your beach,1885,4147,,
the original,1885,4148,,
castle hill,1885,4149,,
did you know,1884,4150,,
blind,1884,4151,,
arch,1884,4152,,
pie,1884,4153,,
payment,1883,4154,,
dollar general,1882,4155,,
gene,1882,4156,,
chine,1881,4157,,
film,1881,4158,,
pest,1881,4159,,
shen yun,1880,4160,,
sight,1880,4161,,
hino,1880,4162,,
kinc,1879,4163,,
no r,1879,4164,,
rate,1879,4165,,
cof,1879,4166,,
european,1878,4167,,
sone,1878,4168,,
best squad,1877,4169,,
japanese,1877,4170,,
bosch,1876,4171,,
steaks,1875,4172,,
build,1875,4173,,
mosholu pkwy,1874,4174,,
nine,1874,4175,,
st george,1873,4176,,
87 st,1873,4177,,
pop,1873,4178,,
operated by,1872,4179,,
on sale,1872,4180,,
signature,1871,4181,,
bam  6pm,1871,4182,,
james,1871,4183,,
ede,1870,4184,,
framing,1869,4185,,
adams,1869,4186,,
alex,1869,4187,,
standin,1867,4188,,
whisper,1867,4189,,
dels,1867,4190,,
sig,1867,4191,,
salon  spa,1866,4192,,
hsbc h,1866,4193,,
moon,1865,4194,,
after two,1864,4195,,
heroes,1864,4196,,
dogie,1863,4197,,
pennsylvania,1862,4198,,
ew york,1862,4199,,
cial,1862,4200,,
monuments,1861,4201,,
redex,1861,4202,,
juul,1861,4203,,
for additional information,1860,4204,,
register,1860,4205,,
sale  lease,1859,4206,,
broad,1859,4207,,
child,1859,4208,,
iron works,1858,4209,,
fit,1858,4210,,
yellow,1857,4211,,
quors,1857,4212,,
deligrocery,1856,4213,,
scaffold corp,1855,4214,,
brighton,1855,4215,,
chang,1855,4216,,
napa,1855,4217,,
bell bivd,1854,4218,,
kennedys,1854,4219,,
fence,1854,4220,,
dear,1854,4221,,
quik,1854,4222,,
when flashing,1853,4223,,
154 st,1852,4224,,
offee,1851,4225,,
west shore expwy,1850,4226,,
washi,1849,4227,,
guardian,1848,4228,,
city of,1848,4229,,
202 st,1848,4230,,
valve,1848,4231,,
never,1847,4232,,
sout,1847,4233,,
718 4245200,1846,4234,,
e 53 st,1845,4235,,
laundro,1845,4236,,
til,1844,4237,,
mango,1843,4238,,
noc,1843,4239,,
prince st,1842,4240,,
4 st,1842,4241,,
california,1841,4242,,
cour,1841,4243,,
netered,1840,4244,,
shredit,1840,4245,,
2 yd,1839,4246,,
podiatrist,1838,4247,,
prologis,1838,4248,,
chicago,1838,4249,,
i stop,1838,4250,,
wheels,1838,4251,,
dale,1838,4252,,
ditmas av,1837,4253,,
chases,1837,4254,,
lil,1837,4255,,
scaffolding llc,1836,4256,,
glenwood rd,1836,4257,,
van lines,1836,4258,,
hor,1835,4259,,
nue,1835,4260,,
sor,1835,4261,,
beverley rd,1834,4262,,
supply inc,1834,4263,,
frederick,1834,4264,,
101 av,1834,4265,,
vale,1834,4266,,
open house,1833,4267,,
vegetable,1833,4268,,
mode,1833,4269,,
smith st,1832,4270,,
sunny,1832,4271,,
aaaa,1832,4272,,
sports bar,1830,4273,,
suites,1830,4274,,
sid,1830,4275,,
gyros,1829,4276,,
lab,1829,4277,,
sec,1829,4278,,
tis,1829,4279,,
clinton,1827,4280,,
koeppel,1827,4281,,
tong,1827,4282,,
sir,1827,4283,,
ald,1826,4284,,
free pickup,1825,4285,,
24 hour emergency service,1824,4286,,
cushman,1824,4287,,
lll,1824,4288,,
deegan expwy,1823,4289,,
kingdom hall,1823,4290,,
75 st,1822,4291,,
jamaica hospital,1821,4292,,
10am  4pm,1821,4293,,
for any,1821,4294,,
10s,1821,4295,,
geo,1821,4296,,
onc,1821,4297,,
хро,1821,4298,,
all trucks to nj,1819,4299,,
lafayette av,1819,4300,,
steinway st,1819,4301,,
tee,1819,4302,,
ско,1819,4303,,
personnel only,1818,4304,,
pharmacy ry,1818,4305,,
discovery,1818,4306,,
allied,1818,4307,,
return,1818,4308,,
cari,1818,4309,,
family dollar,1817,4310,,
ave s,1817,4311,,
amer,1817,4312,,
fruit  vegetables,1816,4313,,
roosevelt ave,1816,4314,,
99 st,1816,4315,,
the laundry service superstore,1815,4316,,
washington br,1815,4317,,
liberty tax,1814,4318,,
stucco,1814,4319,,
not for hire,1813,4320,,
exit 26,1813,4321,,
phoenix,1813,4322,,
corn,1813,4323,,
170 st,1812,4324,,
app,1812,4325,,
church st,1811,4326,,
maximum,1811,4327,,
term,1811,4328,,
sui,1810,4329,,
e houston st,1809,4330,,
afe,1809,4331,,
worlds,1808,4332,,
early,1808,4333,,
bklyn  ons,1807,4334,,
28 av,1807,4335,,
hele,1807,4336,,
lor,1807,4337,,
13 st,1806,4338,,
full service salon,1805,4339,,
celebrating,1805,4340,,
2 ave,1804,4341,,
19 av,1804,4342,,
opei,1804,4343,,
stc,1804,4344,,
7eleven,1803,4345,,
bume,1803,4346,,
join,1803,4347,,
putnam av,1802,4348,,
armada,1802,4349,,
after school,1801,4350,,
toll billed,1801,4351,,
165 st,1801,4352,,
onn,1801,4353,,
sei,1801,4354,,
towns,1800,4355,,
wild,1800,4356,,
little caesars,1799,4357,,
ock,1799,4358,,
long island city ny 11101,1798,4359,,
bjk tennis center,1798,4360,,
sunset,1797,4361,,
bayonne br,1796,4362,,
is here,1796,4363,,
alli,1796,4364,,
cri,1796,4365,,
midland,1795,4366,,
repa,1795,4367,,
tune radio to,1794,4368,,
productos,1794,4369,,
shoe drop,1793,4370,,
wilson av,1793,4371,,
9 st,1792,4372,,
chee,1792,4373,,
etc,1792,4374,,
will be towed,1790,4375,,
ave h,1790,4376,,
omat,1790,4377,,
except local deliveries,1789,4378,,
vehicles will,1789,4379,,
3am  6am,1789,4380,,
good day,1789,4381,,
vpower,1789,4382,,
winner,1789,4383,,
harlem riv dr,1788,4384,,
w 179 st,1788,4385,,
find,1788,4386,,
sia,1788,4387,,
flat fixed,1787,4388,,
fat,1787,4389,,
pine,1786,4390,,
mus,1786,4391,,
10l5,1785,4392,,
ney,1785,4393,,
richmond rd,1784,4394,,
nterprise,1784,4395,,
diabetic,1784,4396,,
christ,1784,4397,,
break,1784,4398,,
gtx,1784,4399,,
71 st,1783,4400,,
ings,1783,4401,,
buick,1782,4402,,
golf,1782,4403,,
soul,1782,4404,,
in bike lane,1781,4405,,
eyebrow,1781,4406,,
moma,1780,4407,,
car care center,1779,4408,,
tow zone,1779,4409,,
social,1779,4410,,
giant,1779,4411,,
rive,1779,4412,,
dom,1779,4413,,
harlem river dr,1778,4414,,
coney,1778,4415,,
oll,1778,4416,,
greene av,1777,4417,,
buffalo,1777,4418,,
david,1777,4419,,
slice,1777,4420,,
bet,1777,4421,,
japanese cuisine,1776,4422,,
wells,1776,4423,,
not for,1775,4424,,
kid,1775,4425,,
pediatric,1774,4426,,
fam,1774,4427,,
nite,1773,4428,,
bed bugs,1772,4429,,
anding,1772,4430,,
speedy,1772,4431,,
ada,1772,4432,,
digital,1771,4433,,
bad,1771,4434,,
bbe,1771,4435,,
listing,1770,4436,,
charles,1769,4437,,
other,1769,4438,,
mana,1769,4439,,
complete auto repair,1768,4440,,
henry st,1768,4441,,
field,1768,4442,,
ft hamilton pkwy,1767,4443,,
steakhouse,1767,4444,,
83010 am,1766,4445,,
mary,1766,4446,,
prime retail,1765,4447,,
nursery,1765,4448,,
frei,1765,4449,,
sala,1765,4450,,
dol s,1764,4451,,
this is a,1763,4452,,
e 71 st,1763,4453,,
choose,1763,4454,,
brea,1763,4455,,
lower rdwy,1762,4456,,
hla,1762,4457,,
francis lewis blvd,1761,4458,,
zonel,1761,4459,,
rentafence,1760,4460,,
bile,1760,4461,,
fla,1760,4462,,
pls,1760,4463,,
rosedale ave,1759,4464,,
under new,1759,4465,,
range rover,1758,4466,,
89 st,1758,4467,,
comm,1758,4468,,
tonys,1757,4469,,
bebe,1757,4470,,
bing,1757,4471,,
rack,1757,4472,,
tool,1757,4473,,
hil,1757,4474,,
ick,1757,4475,,
checking,1756,4476,,
bronx zoo,1755,4477,,
health center,1754,4478,,
exit a only,1754,4479,,
pers,1754,4480,,
bei,1754,4481,,
ool,1754,4482,,
medic,1753,4483,,
cbd,1753,4484,,
ngs,1753,4485,,
dang,1752,4486,,
b44,1752,4487,,
atho,1751,4488,,
rock group ny corp,1750,4489,,
may 15  sept 30,1750,4490,,
discoun,1750,4491,,
manhattan mini storage,1749,4492,,
collection,1749,4493,,
last exit,1749,4494,,
tail,1749,4495,,
li expwy,1748,4496,,
chasi,1748,4497,,
pare,1748,4498,,
jackson hewitt,1747,4499,,
69 av,1746,4500,,
bari,1746,4501,,
hed,1745,4502,,
in driveway,1744,4503,,
bam  7pm,1744,4504,,
francis,1744,4505,,
116 av,1744,4506,,
230 st,1744,4507,,
bounty,1744,4508,,
stori,1744,4509,,
g00g,1744,4510,,
2019 gpogle,1742,4511,,
five star,1742,4512,,
hercules,1742,4513,,
cie,1742,4514,,
pow,1742,4515,,
learning center,1741,4516,,
designer,1741,4517,,
learning,1741,4518,,
spaces,1741,4519,,
thos,1741,4520,,
10p,1741,4521,,
new yo,1740,4522,,
dange,1740,4523,,
minutes,1739,4524,,
wall,1739,4525,,
dun,1739,4526,,
grant,1738,4527,,
maria,1738,4528,,
dana,1737,4529,,
miss,1737,4530,,
pick up  delivery,1736,4531,,
hot dog,1736,4532,,
hks,1736,4533,,
zza,1736,4534,,
max fine 2000,1735,4535,,
ave v,1735,4536,,
loc,1735,4537,,
sex,1735,4538,,
tav,1735,4539,,
residence,1734,4540,,
dais,1734,4541,,
mom,1734,4542,,
no loitering,1733,4543,,
crescent,1733,4544,,
hones,1733,4545,,
employees,1732,4546,,
furnitur,1732,4547,,
trailer,1732,4548,,
bazaar,1732,4549,,
uhau,1732,4550,,
plus tax,1731,4551,,
cabinet,1731,4552,,
baldor specialty foods inc,1730,4553,,
karaoke,1730,4554,,
year,1730,4555,,
167 st,1729,4556,,
juices,1728,4557,,
low price,1727,4558,,
court st,1726,4559,,
rims,1726,4560,,
group ny corp,1724,4561,,
arsenal,1724,4562,,
sholom,1724,4563,,
poli,1724,4564,,
rin,1724,4565,,
sni,1724,4566,,
cans cans,1723,4567,,
e 135 st,1723,4568,,
wicked,1723,4569,,
rom,1723,4570,,
26 av,1722,4571,,
utica,1722,4572,,
ems,1722,4573,,
ker,1722,4574,,
tuneups,1721,4575,,
56 av,1721,4576,,
71 av,1721,4577,,
stopp,1721,4578,,
caf,1721,4579,,
mir,1721,4580,,
jamaican,1720,4581,,
takeout,1720,4582,,
guard,1720,4583,,
east river,1719,4584,,
ats,1719,4585,,
fas,1719,4586,,
farms,1718,4587,,
small,1718,4588,,
cano,1718,4589,,
all are welcome,1717,4590,,
presbyterian,1717,4591,,
corr,1717,4592,,
coi,1717,4593,,
m11,1717,4594,,
ny state inspection,1716,4595,,
air ride equipped,1716,4596,,
invisalign,1716,4597,,
146 st,1716,4598,,
kee,1716,4599,,
toi,1716,4600,,
used trucks,1715,4601,,
graham,1715,4602,,
spanish,1714,4603,,
struts,1714,4604,,
67 av,1714,4605,,
inly,1714,4606,,
o synergy,1713,4607,,
218 st,1713,4608,,
becks,1713,4609,,
ord,1713,4610,,
le pain quotidien,1711,4611,,
poultry,1711,4612,,
2023 g,1711,4613,,
fis,1711,4614,,
canal,1710,4615,,
liquor  wine,1709,4616,,
spring creek,1709,4617,,
del grocery,1709,4618,,
211 st,1709,4619,,
indoor,1709,4620,,
schoul,1709,4621,,
security notice,1708,4622,,
side walk,1708,4623,,
musical,1708,4624,,
packing,1708,4625,,
222 st,1708,4626,,
lets,1708,4627,,
eni,1708,4628,,
weekend,1707,4629,,
32 st,1707,4630,,
4 ave,1707,4631,,
chie,1707,4632,,
cappuccino,1705,4633,,
telephone,1705,4634,,
bedroom,1705,4635,,
medi,1705,4636,,
tyco,1705,4637,,
morgan  morgan,1704,4638,,
willis ave,1704,4639,,
e 116 st,1704,4640,,
amsterdam ave,1703,4641,,
e 17 st,1703,4642,,
157 st,1703,4643,,
nogle,1703,4644,,
back in angle,1702,4645,,
driscoll,1702,4646,,
217 st,1702,4647,,
savana,1702,4648,,
1230 гм,1701,4649,,
ach,1701,4650,,
subway station,1700,4651,,
cautioni,1700,4652,,
bare,1700,4653,,
classon av,1699,4654,,
financing available,1698,4655,,
glatt kosher,1698,4656,,
bor,1698,4657,,
85570spectrum,1697,4658,,
joe,1697,4659,,
claims,1696,4660,,
53 st,1696,4661,,
ort,1696,4662,,
doctors office,1695,4663,,
paring,1695,4664,,
uno,1695,4665,,
new york ny 10001,1694,4666,,
grove st,1694,4667,,
17 av,1694,4668,,
once,1694,4669,,
dental center,1693,4670,,
or more,1693,4671,,
feder,1693,4672,,
japanese restaurant,1692,4673,,
kickboxing,1692,4674,,
4cars,1692,4675,,
agent,1692,4676,,
alls,1692,4677,,
free soap,1691,4678,,
threading salon,1690,4679,,
schenectady,1690,4680,,
residences,1690,4681,,
friendly,1690,4682,,
e 163 st,1689,4683,,
tors,1689,4684,,
bui,1689,4685,,
mob,1689,4686,,
cautio,1688,4687,,
many,1687,4688,,
cod,1687,4689,,
happy hour,1686,4690,,
clearview,1686,4691,,
deu,1686,4692,,
yon,1686,4693,,
pain management,1684,4694,,
trump,1684,4695,,
snap,1684,4696,,
no standini,1683,4697,,
tjmax,1683,4698,,
math,1683,4699,,
wan,1683,4700,,
enterprises inc,1682,4701,,
the bronx,1682,4702,,
bake,1682,4703,,
nort,1682,4704,,
order of service,1681,4705,,
meineke,1680,4706,,
ball,1680,4707,,
bx12,1680,4708,,
vape,1680,4709,,
clean rite center,1679,4710,,
eastern l i,1679,4711,,
dropoff service,1678,4712,,
dean,1678,4713,,
cone way,1677,4714,,
59¢,1677,4715,,
4 mile,1676,4716,,
nation,1676,4717,,
iner,1676,4718,,
ica,1676,4719,,
construction co,1675,4720,,
атм,1675,4721,,
richmond av,1674,4722,,
carroll st,1674,4723,,
mot,1674,4724,,
for renti,1673,4725,,
11am to,1673,4726,,
creek,1673,4727,,
m103,1673,4728,,
rockaway av,1672,4729,,
polo,1672,4730,,
ave y,1671,4731,,
pelham,1670,4732,,
indian cuisine,1669,4733,,
jerome av,1669,4734,,
tristate,1669,4735,,
drug,1669,4736,,
doe,1669,4737,,
lig,1669,4738,,
physicians,1668,4739,,
everyone,1668,4740,,
masonry,1668,4741,,
select,1668,4742,,
2 st,1668,4743,,
mid,1668,4744,,
right 2 lanes,1667,4745,,
home of,1667,4746,,
models,1667,4747,,
lenox,1667,4748,,
bond,1667,4749,,
lexington ave,1666,4750,,
panera,1666,4751,,
fries,1665,4752,,
visit,1665,4753,,
zero,1665,4754,,
pavilion,1664,4755,,
low prices,1663,4756,,
coc,1663,4757,,
fil,1663,4758,,
elivery,1662,4759,,
trance,1662,4760,,
bilis,1662,4761,,
mails,1662,4762,,
insurances,1661,4763,,
unity,1661,4764,,
fing,1661,4765,,
webster av,1660,4766,,
make the better move,1659,4767,,
bryant park,1659,4768,,
automatic,1659,4769,,
six,1659,4770,,
hospitals,1658,4771,,
newe,1658,4772,,
opi,1658,4773,,
allerton av,1657,4774,,
emporium,1657,4775,,
ental,1657,4776,,
face,1657,4777,,
cra,1657,4778,,
brightside,1656,4779,,
bus stop,1656,4780,,
your ad,1656,4781,,
do n,1656,4782,,
aro,1656,4783,,
did,1656,4784,,
next signal,1655,4785,,
sportswear,1655,4786,,
cooling,1655,4787,,
east 42nd st,1654,4788,,
27 st,1654,4789,,
reta,1654,4790,,
super laundromat,1653,4791,,
capsule,1653,4792,,
m100,1653,4793,,
metr,1652,4794,,
12 miles,1651,4795,,
for sal,1651,4796,,
sland,1651,4797,,
nash,1651,4798,,
to anonymously report unsafe,1650,4799,,
men working above,1650,4800,,
eastern l 1,1650,4801,,
peter,1650,4802,,
kingsbridge,1649,4803,,
supermarke,1649,4804,,
country,1649,4805,,
chai,1649,4806,,
st george ferry,1647,4807,,
cemetery,1647,4808,,
mate,1647,4809,,
valley,1646,4810,,
this area,1645,4811,,
ave a,1645,4812,,
ане,1645,4813,,
maersk,1644,4814,,
cola,1644,4815,,
photos,1643,4816,,
pork,1643,4817,,
83 fortruth,1642,4818,,
driggs av,1642,4819,,
no credit,1642,4820,,
in stock,1642,4821,,
pasajes,1642,4822,,
s top,1642,4823,,
roof,1642,4824,,
bronx ny 10451,1641,4825,,
hamilton ave,1641,4826,,
coney is,1641,4827,,
conditioning,1640,4828,,
myrtle,1640,4829,,
ence,1640,4830,,
neck,1640,4831,,
salo,1640,4832,,
m10,1640,4833,,
coca cola,1639,4834,,
fidelity,1639,4835,,
cau,1639,4836,,
apollo,1638,4837,,
barbe,1638,4838,,
linen,1638,4839,,
hoto,1637,4840,,
fra,1637,4841,,
mei,1637,4842,,
flavor,1636,4843,,
trai,1636,4844,,
multiservices,1634,4845,,
before toll,1634,4846,,
health care,1634,4847,,
state of,1633,4848,,
bedding,1633,4849,,
noble,1633,4850,,
oner,1633,4851,,
righ,1633,4852,,
dow,1633,4853,,
school school,1632,4854,,
warren st,1632,4855,,
161 st,1632,4856,,
palm,1632,4857,,
grove,1631,4858,,
pull,1630,4859,,
suspension,1629,4860,,
officia,1629,4861,,
circle,1629,4862,,
usb,1629,4863,,
mechanical corp,1628,4864,,
fidelis care,1628,4865,,
oil co,1628,4866,,
sash,1627,4867,,
sue,1627,4868,,
per vehicle,1626,4869,,
bowling,1626,4870,,
nom,1626,4871,,
rfk,1626,4872,,
sos,1626,4873,,
pharmagy,1625,4874,,
mike,1625,4875,,
hei,1625,4876,,
student driver,1624,4877,,
stree,1624,4878,,
fal,1624,4879,,
se habla espanol,1623,4880,,
positively,1623,4881,,
clarendon,1623,4882,,
mormon,1623,4883,,
ralph,1623,4884,,
raymour  flanigan,1622,4885,,
mama,1622,4886,,
onei,1622,4887,,
smo,1622,4888,,
low bridge,1621,4889,,
fine fare,1621,4890,,
fritolay,1621,4891,,
e 63 st,1621,4892,,
spac,1621,4893,,
no cash on board,1620,4894,,
fresh fish,1620,4895,,
tutoring,1620,4896,,
schools,1620,4897,,
queens museum,1619,4898,,
ervices,1619,4899,,
local t,1619,4900,,
jing,1619,4901,,
ies,1619,4902,,
tedexcom,1618,4903,,
tation,1618,4904,,
kent,1618,4905,,
bjs,1618,4906,,
makes moving easier,1617,4907,,
again,1617,4908,,
ospital,1616,4909,,
astor,1616,4910,,
york av,1615,4911,,
som,1615,4912,,
airport exit,1614,4913,,
7am  9am,1614,4914,,
104 st,1614,4915,,
bring,1614,4916,,
krust,1614,4917,,
ambu,1614,4918,,
boy,1614,4919,,
mexican restaurant,1613,4920,,
starting at,1613,4921,,
advantage,1612,4922,,
jhaul,1612,4923,,
like no other market,1611,4924,,
busi,1611,4925,,
cru,1611,4926,,
mattress firm,1610,4927,,
terminal a,1610,4928,,
abogado,1610,4929,,
coops,1610,4930,,
manor,1609,4931,,
huguenot ave,1608,4932,,
your dog,1608,4933,,
aren,1608,4934,,
rear,1608,4935,,
hals,1607,4936,,
mich,1607,4937,,
eastern pkwy,1606,4938,,
vornado,1606,4939,,
distributor,1605,4940,,
delivered,1605,4941,,
merrick blvd,1604,4942,,
willoughby,1604,4943,,
fully,1604,4944,,
esi,1604,4945,,
ents,1603,4946,,
917 8373636,1602,4947,,
drivewa,1602,4948,,
nike,1602,4949,,
quor,1602,4950,,
broome st,1601,4951,,
barking,1601,4952,,
mea,1601,4953,,
7am  10 am,1600,4954,,
cond,1600,4955,,
24 hr emergency service,1599,4956,,
10am  7pm,1599,4957,,
specialty,1599,4958,,
list,1599,4959,,
96 st,1598,4960,,
ecco,1598,4961,,
all natural,1597,4962,,
foodmart,1597,4963,,
availab,1597,4964,,
altec,1597,4965,,
heat,1597,4966,,
holiday inn,1596,4967,,
blowing,1596,4968,,
90 av,1595,4969,,
bluemercury,1594,4970,,
one stop,1594,4971,,
third,1594,4972,,
are flashing,1593,4973,,
gols,1593,4974,,
b60,1593,4975,,
third ave br,1592,4976,,
front,1592,4977,,
sole,1592,4978,,
national grid ny,1591,4979,,
grainger,1591,4980,,
8 st,1591,4981,,
orth,1591,4982,,
pick,1591,4983,,
ern,1591,4984,,
basement,1590,4985,,
gee,1590,4986,,
united states post office,1589,4987,,
this is,1589,4988,,
жжжж,1589,4989,,
tae,1588,4990,,
ahe,1587,4991,,
wei,1587,4992,,
215 st,1586,4993,,
ave t,1586,4994,,
aids,1586,4995,,
cher,1586,4996,,
wayi,1586,4997,,
prospect park,1585,4998,,
est 1909,1584,4999,,
federal,1584,5000,,
159 st,1584,5001,,
nicole,1584,5002,,
99 c,1584,5003,,
ikea,1584,5004,,
plai,1584,5005,,
wwww,1584,5006,,
society,1583,5007,,
lance,1583,5008,,
bmw,1583,5009,,
lofts,1582,5010,,
nassau expwy,1581,5011,,
healthiest,1581,5012,,
atte,1581,5013,,
iron,1581,5014,,
lle,1581,5015,,
1150 longwood ave bronx ny 10474,1580,5016,,
exit 32,1580,5017,,
martz,1580,5018,,
sate,1580,5019,,
орен,1580,5020,,
ras,1580,5021,,
opticians,1579,5022,,
meet,1579,5023,,
unit,1578,5024,,
lunch  dinner,1577,5025,,
empire city,1577,5026,,
trattoria,1577,5027,,
explore,1577,5028,,
monda,1577,5029,,
ortiz,1577,5030,,
parke,1577,5031,,
tur,1577,5032,,
vil,1577,5033,,
wet,1577,5034,,
banana republic,1576,5035,,
boston market,1576,5036,,
172 st,1576,5037,,
prin,1576,5038,,
alliance,1575,5039,,
beers,1575,5040,,
leas,1575,5041,,
prep,1575,5042,,
service entrance,1574,5043,,
allegiance,1574,5044,,
frie,1574,5045,,
grogery,1573,5046,,
jacks,1573,5047,,
came,1573,5048,,
79¢,1573,5049,,
nts,1573,5050,,
emergenc,1572,5051,,
224 st,1572,5052,,
vai,1572,5053,,
breakfast lunch dinner,1571,5054,,
917 4005552,1571,5055,,
fifth,1571,5056,,
cks,1571,5057,,
getfioscom,1570,5058,,
155 st,1570,5059,,
series,1570,5060,,
payment center,1569,5061,,
theater,1569,5062,,
210 st,1569,5063,,
quee,1569,5064,,
mason,1568,5065,,
brookl,1567,5066,,
irving,1567,5067,,
cartier,1566,5068,,
vintage,1566,5069,,
obile,1566,5070,,
dic,1566,5071,,
dig,1566,5072,,
dus,1566,5073,,
233 st,1565,5074,,
91 av,1565,5075,,
driv,1565,5076,,
830 am  10am,1564,5077,,
broo,1564,5078,,
dil,1563,5079,,
одо,1563,5080,,
convenient,1562,5081,,
left turns,1562,5082,,
gul,1562,5083,,
mod,1562,5084,,
shipping  receiving,1561,5085,,
no parking except,1561,5086,,
harbor,1561,5087,,
ticket,1561,5088,,
panda,1561,5089,,
t • mobile,1560,5090,,
pepboys,1560,5091,,
bol,1560,5092,,
iron mountain,1559,5093,,
surance,1559,5094,,
ave r,1559,5095,,
titi,1559,5096,,
dining,1558,5097,,
jois,1557,5098,,
fic,1556,5099,,
e 106 st,1555,5100,,
iiii,1555,5101,,
stre,1555,5102,,
b38,1555,5103,,
gel,1555,5104,,
empanadas,1554,5105,,
10e,1554,5106,,
flu shots,1553,5107,,
tale,1553,5108,,
lad,1553,5109,,
supply co,1552,5110,,
bingo,1552,5111,,
multiservice,1551,5112,,
men working,1551,5113,,
mandee,1551,5114,,
bartow ave,1550,5115,,
cardiology,1550,5116,,
especial,1550,5117,,
exit 27,1550,5118,,
twin,1550,5119,,
asi,1550,5120,,
we buy gold  diamonds,1549,5121,,
e 49 st,1549,5122,,
tap,1549,5123,,
or duanereade,1548,5124,,
loading dock,1548,5125,,
amboy rd,1548,5126,,
22 st,1548,5127,,
otte,1548,5128,,
moi,1548,5129,,
vor,1548,5130,,
destination,1547,5131,,
wen,1547,5132,,
lies,1545,5133,,
fec,1545,5134,,
playing,1544,5135,,
offi,1544,5136,,
designated,1543,5137,,
south ave,1542,5138,,
8000 lbs,1542,5139,,
rooms,1542,5140,,
mount sinai,1540,5141,,
laser,1540,5142,,
b57,1540,5143,,
holland tunnel,1539,5144,,
lowest prices,1539,5145,,
restaurante,1539,5146,,
other side,1539,5147,,
bx36,1539,5148,,
chool bus,1538,5149,,
cana,1538,5150,,
орел,1538,5151,,
shoesource,1537,5152,,
xxxxx,1537,5153,,
100g,1537,5154,,
b46,1537,5155,,
max fine,1536,5156,,
cols,1536,5157,,
ging,1536,5158,,
10n,1536,5159,,
manhattan below,1535,5160,,
stopstor,1535,5161,,
finest,1535,5162,,
65 pl,1535,5163,,
edny,1535,5164,,
heal,1535,5165,,
tae kwon do,1534,5166,,
hook creek,1534,5167,,
stope,1534,5168,,
bags,1534,5169,,
suit,1534,5170,,
ics,1534,5171,,
estates,1533,5172,,
sheridan expwy,1532,5173,,
estop,1532,5174,,
movin,1532,5175,,
bbo,1532,5176,,
lefrak city,1531,5177,,
l 1 expwy,1531,5178,,
condos,1531,5179,,
18 st,1530,5180,,
bites,1530,5181,,
schol,1530,5182,,
st of,1530,5183,,
njdep,1529,5184,,
lang,1529,5185,,
primary care,1528,5186,,
all major,1528,5187,,
tribeca,1528,5188,,
tshirts,1528,5189,,
товассо,1528,5190,,
halsey st,1527,5191,,
approval,1527,5192,,
african hair braiding,1525,5193,,
888storage,1525,5194,,
drivenay,1525,5195,,
auction,1525,5196,,
arro,1525,5197,,
mta new york city bus,1524,5198,,
buildings unit,1524,5199,,
our children,1524,5200,,
ultimate,1524,5201,,
warnin,1524,5202,,
fargo,1524,5203,,
ravel,1524,5204,,
sea food,1522,5205,,
sant,1522,5206,,
foundation,1521,5207,,
se habla,1521,5208,,
hunts,1521,5209,,
eyes,1521,5210,,
ey food,1520,5211,,
fan,1520,5212,,
hoe,1520,5213,,
ply,1520,5214,,
truck leasing  rental,1519,5215,,
yonkers,1519,5216,,
163 st,1519,5217,,
traffi,1519,5218,,
angel,1519,5219,,
furn,1519,5220,,
hole,1519,5221,,
main service,1518,5222,,
menu,1518,5223,,
silverado,1517,5224,,
180 st,1517,5225,,
bod,1517,5226,,
forest hills,1516,5227,,
us dot,1516,5228,,
clos,1516,5229,,
vek,1516,5230,,
wil,1516,5231,,
hospital center,1515,5232,,
toe,1515,5233,,
wis,1515,5234,,
parties,1514,5235,,
arning,1514,5236,,
25 av,1514,5237,,
ute,1514,5238,,
liquor store,1513,5239,,
no stani,1513,5240,,
come in,1513,5241,,
fede›,1513,5242,,
chu,1513,5243,,
fashions,1512,5244,,
facials,1512,5245,,
hey,1512,5246,,
no stam,1511,5247,,
things,1511,5248,,
treet,1511,5249,,
hurs,1511,5250,,
uses cleanair,1510,5251,,
keys made,1510,5252,,
slow down,1510,5253,,
yun,1510,5254,,
for all occasions,1509,5255,,
zuckerbrot,1509,5256,,
excellent,1509,5257,,
cellular,1509,5258,,
30 ave,1509,5259,,
sane,1509,5260,,
sheridan,1508,5261,,
930114м,1508,5262,,
amc,1508,5263,,
salvation,1507,5264,,
193 st,1507,5265,,
zoo,1507,5266,,
kitchen cabinets,1505,5267,,
bergen,1505,5268,,
for re,1505,5269,,
north shore,1504,5270,,
exit 9e,1504,5271,,
lou,1504,5272,,
entry,1503,5273,,
53 av,1502,5274,,
anis,1502,5275,,
cure,1502,5276,,
dit,1502,5277,,
hour parking,1501,5278,,
lobster,1501,5279,,
cortelyou,1500,5280,,
east side,1500,5281,,
roll,1500,5282,,
bestway,1499,5283,,
nforced,1499,5284,,
nding,1499,5285,,
eat in  take out,1498,5286,,
ills,1498,5287,,
loca,1497,5288,,
112 st,1496,5289,,
51 av,1496,5290,,
alpha,1496,5291,,
mazda,1496,5292,,
shops,1496,5293,,
to go,1496,5294,,
tent,1496,5295,,
bronx river ave,1495,5296,,
battery pk,1495,5297,,
knapp st,1495,5298,,
enteri,1495,5299,,
jeen,1495,5300,,
cime,1493,5301,,
warn,1493,5302,,
7am  4 pm,1492,5303,,
eye care,1492,5304,,
elcome,1492,5305,,
frida,1492,5306,,
lit,1492,5307,,
cali,1491,5308,,
fos,1491,5309,,
productos mexicanos,1490,5310,,
equities,1490,5311,,
boilers,1490,5312,,
donovan,1490,5313,,
merrick,1489,5314,,
spec,1489,5315,,
embarque,1488,5316,,
piercing,1488,5317,,
rewards,1488,5318,,
111 st,1488,5319,,
dentis,1488,5320,,
65 av,1488,5321,,
tine,1488,5322,,
mim,1488,5323,,
flashing,1487,5324,,
213 st,1487,5325,,
no parking anytime,1486,5326,,
denta,1486,5327,,
seven,1486,5328,,
usdot 021800,1485,5329,,
cash  carry,1485,5330,,
66 st,1485,5331,,
items,1485,5332,,
chil,1485,5333,,
gis,1485,5334,,
ar wash,1484,5335,,
pink,1484,5336,,
cli,1484,5337,,
exclusive broker,1483,5338,,
air condition,1483,5339,,
induction,1483,5340,,
229 st,1483,5341,,
plans,1483,5342,,
deli grocer,1482,5343,,
citizens,1482,5344,,
nycgocom,1482,5345,,
stuf,1482,5346,,
centre st,1481,5347,,
career center,1480,5348,,
cell phone,1480,5349,,
4 matic,1480,5350,,
parkins,1480,5351,,
dans,1480,5352,,
euro,1480,5353,,
is a,1480,5354,,
jus,1480,5355,,
gl 450,1479,5356,,
aldi,1479,5357,,
guys,1479,5358,,
fresh bakery,1478,5359,,
stora,1478,5360,,
fully insured,1477,5361,,
frozen food,1477,5362,,
strauss,1477,5363,,
greene,1477,5364,,
turkey,1477,5365,,
aveda,1477,5366,,
pratt,1477,5367,,
treasure island,1476,5368,,
traffic info,1476,5369,,
alan,1476,5370,,
fresh produce,1475,5371,,
in tunnel,1475,5372,,
broker,1475,5373,,
59 av,1475,5374,,
itt,1475,5375,,
beat,1474,5376,,
song,1474,5377,,
mie,1474,5378,,
nig,1474,5379,,
rogers av,1473,5380,,
19 st,1473,5381,,
chon,1473,5382,,
hss,1473,5383,,
bond st,1472,5384,,
sausage,1472,5385,,
e 21 st,1472,5386,,
20 off,1472,5387,,
jaguar,1472,5388,,
asian,1472,5389,,
sum,1472,5390,,
ree delivery,1471,5391,,
water st,1471,5392,,
sag,1471,5393,,
victorias secret,1470,5394,,
la guardia,1470,5395,,
subi,1470,5396,,
valley national bank,1469,5397,,
chos,1469,5398,,
gvw 26000,1468,5399,,
balance,1468,5400,,
rit,1468,5401,,
vitamin shoppe,1467,5402,,
makes,1467,5403,,
atin,1467,5404,,
rat,1467,5405,,
melrose,1466,5406,,
rig,1466,5407,,
disco,1465,5408,,
be prosecuted,1464,5409,,
enterprisecom,1464,5410,,
cathedral,1464,5411,,
1130 км,1464,5412,,
troy av,1464,5413,,
fina,1464,5414,,
entra,1463,5415,,
school supplies,1462,5416,,
mexican food,1462,5417,,
sewer  drain,1462,5418,,
joseph,1462,5419,,
remax,1462,5420,,
bos,1462,5421,,
roma scaffolding inc,1461,5422,,
citib,1461,5423,,
stal,1461,5424,,
perfect for moving,1460,5425,,
matt,1460,5426,,
penn,1460,5427,,
jad,1460,5428,,
avalable,1459,5429,,
e 167 st,1459,5430,,
veterans,1459,5431,,
last exit in ny,1458,5432,,
greenpoint av,1458,5433,,
center inc,1458,5434,,
201s,1458,5435,,
95 st,1457,5436,,
ito,1457,5437,,
city gates,1456,5438,,
ico,1456,5439,,
cosmetic,1455,5440,,
mam,1455,5441,,
718 5170481,1453,5442,,
ili,1453,5443,,
scott,1452,5444,,
leer,1452,5445,,
gix,1452,5446,,
madison ave br,1451,5447,,
variety store,1451,5448,,
junction,1451,5449,,
boxing,1451,5450,,
hans,1451,5451,,
resh,1451,5452,,
albany av,1450,5453,,
iced,1450,5454,,
mexican grill,1449,5455,,
hyundri,1449,5456,,
ексерт,1449,5457,,
7 ave,1449,5458,,
adult day care,1448,5459,,
new utrecht,1448,5460,,
creative,1448,5461,,
107 av,1448,5462,,
e tremont ave,1447,5463,,
mercial,1447,5464,,
minute,1447,5465,,
at m,1447,5466,,
except sunda,1446,5467,,
130am  1pm,1446,5468,,
138 st,1446,5469,,
auto sound,1445,5470,,
gal,1445,5471,,
roy,1445,5472,,
elizabeth,1444,5473,,
glenwood,1444,5474,,
phon,1444,5475,,
rockaway pkwy,1442,5476,,
hollywood,1442,5477,,
dynasty,1442,5478,,
nico,1442,5479,,
readyrefreshcom,1441,5480,,
pensae,1441,5481,,
utopia,1441,5482,,
mem,1441,5483,,
elegant,1440,5484,,
danice,1440,5485,,
s tof,1440,5486,,
hancock st,1439,5487,,
t  mobile,1438,5488,,
700h3,1438,5489,,
allen,1438,5490,,
pot,1438,5491,,
truly,1437,5492,,
gai,1437,5493,,
tue,1437,5494,,
when lights,1436,5495,,
hostages,1436,5496,,
no thru,1436,5497,,
28 st,1436,5498,,
8 ave,1436,5499,,
schoc,1436,5500,,
b16,1436,5501,,
dat,1436,5502,,
pin,1436,5503,,
super market,1435,5504,,
1130 ам,1435,5505,,
leviton,1435,5506,,
chines,1435,5507,,
stars,1435,5508,,
ein,1435,5509,,
pioneer transportation corp,1434,5510,,
put litter in its place,1434,5511,,
erskine st,1434,5512,,
lattes,1434,5513,,
deer,1434,5514,,
for congress,1433,5515,,
cropsey ave,1433,5516,,
adas,1433,5517,,
dam,1433,5518,,
ets,1433,5519,,
police line  do not cross,1432,5520,,
hablamos español,1432,5521,,
92019 go,1432,5522,,
airports,1432,5523,,
wit,1432,5524,,
kew gardens,1431,5525,,
exit 6a,1431,5526,,
covers,1431,5527,,
tonn,1431,5528,,
atl,1431,5529,,
bab,1431,5530,,
ust,1431,5531,,
carters,1430,5532,,
uts,1430,5533,,
chinese food eat in  take out,1429,5534,,
25 a,1429,5535,,
mont,1429,5536,,
reet,1429,5537,,
controlled,1428,5538,,
revel,1428,5539,,
aura,1428,5540,,
cand,1428,5541,,
caremark,1427,5542,,
bridges,1427,5543,,
wework,1427,5544,,
no paring,1426,5545,,
e 19 st,1426,5546,,
tequila,1426,5547,,
rid,1426,5548,,
advantagecare,1425,5549,,
e conedison,1425,5550,,
upper rdwy,1425,5551,,
by mail,1425,5552,,
153 st,1425,5553,,
linc,1425,5554,,
restaurant  lounge,1424,5555,,
cappuccinos,1424,5556,,
prepared,1424,5557,,
15 st,1424,5558,,
chris,1424,5559,,
dou,1423,5560,,
qui,1423,5561,,
latte,1422,5562,,
ami,1422,5563,,
ams,1422,5564,,
joy,1422,5565,,
3 or more persons,1421,5566,,
headquarters,1421,5567,,
franks,1421,5568,,
battery tun,1420,5569,,
220 st,1420,5570,,
thrift shop,1419,5571,,
realtors,1419,5572,,
v4 mile,1419,5573,,
plates,1419,5574,,
rogers,1419,5575,,
100 st,1418,5576,,
meters,1418,5577,,
gin,1418,5578,,
northwell health,1417,5579,,
mission,1417,5580,,
source,1417,5581,,
ffice,1417,5582,,
paul,1417,5583,,
pets,1417,5584,,
eco,1417,5585,,
b b,1417,5586,,
state inspection,1416,5587,,
statefarm,1416,5588,,
treatment,1416,5589,,
wash  dry,1416,5590,,
festival,1416,5591,,
adis,1416,5592,,
cord,1416,5593,,
rol,1416,5594,,
grocery inc,1415,5595,,
permit no,1415,5596,,
entering,1415,5597,,
156 st,1415,5598,,
swift,1415,5599,,
hong,1415,5600,,
hvac,1415,5601,,
2nd,1415,5602,,
8am  4pm,1414,5603,,
42 av,1414,5604,,
of cake,1413,5605,,
ions,1413,5606,,
subw,1413,5607,,
avm,1413,5608,,
pc richard  son,1412,5609,,
2022 g000,1412,5610,,
shon,1412,5611,,
customers only,1411,5612,,
learn to drive,1411,5613,,
new york ny 10018,1410,5614,,
offici,1410,5615,,
outh,1410,5616,,
luncheonette,1409,5617,,
logic,1409,5618,,
caton av,1408,5619,,
guy r brewer,1407,5620,,
century 21,1407,5621,,
authentic,1407,5622,,
car washi,1407,5623,,
billiards,1406,5624,,
welcomes,1406,5625,,
grocert,1406,5626,,
kent av,1406,5627,,
dela,1406,5628,,
do s,1406,5629,,
jackson av,1405,5630,,
cdonalds,1405,5631,,
ndromat,1405,5632,,
course,1405,5633,,
ties,1405,5634,,
vida,1405,5635,,
must exit,1404,5636,,
no horn,1404,5637,,
b13,1404,5638,,
recreation,1403,5639,,
targee st,1403,5640,,
ram 1500,1403,5641,,
sneaker,1403,5642,,
avalon,1403,5643,,
eeee,1403,5644,,
nutrition,1402,5645,,
fere,1402,5646,,
rang,1402,5647,,
sara,1402,5648,,
mri,1402,5649,,
image,1401,5650,,
tand,1401,5651,,
elm,1401,5652,,
ode,1401,5653,,
uha,1401,5654,,
bar restaurant,1400,5655,,
duty,1400,5656,,
medical plaza,1399,5657,,
brooklyn ny 11206,1398,5658,,
improvement,1398,5659,,
for leas,1398,5660,,
jobs,1398,5661,,
republic,1397,5662,,
83010am,1397,5663,,
outdoor,1397,5664,,
law offices of,1396,5665,,
locations,1396,5666,,
entranc,1396,5667,,
lette,1396,5668,,
nit,1396,5669,,
brooklyn ny 11207,1395,5670,,
delancey st,1395,5671,,
exit 6b,1395,5672,,
secure,1395,5673,,
no fee rentals,1394,5674,,
celebrate,1394,5675,,
flu shot,1394,5676,,
e 95 st,1394,5677,,
20 st,1394,5678,,
ching,1394,5679,,
beli,1393,5680,,
scom,1393,5681,,
cellino barnes,1392,5682,,
pizza  pasta,1392,5683,,
24 hour atm,1392,5684,,
realty corp,1391,5685,,
bonuts,1391,5686,,
eyebrows,1390,5687,,
w 230 st,1390,5688,,
bord,1390,5689,,
2fl,1390,5690,,
135 av,1389,5691,,
b20,1389,5692,,
dni,1389,5693,,
chicken  biscuits,1388,5694,,
e 12 st,1388,5695,,
colle,1388,5696,,
bone,1388,5697,,
diet,1388,5698,,
gla,1388,5699,,
available for lease,1387,5700,,
cypress,1387,5701,,
rental  leasing,1386,5702,,
liquors  wines,1386,5703,,
pharmacy inc,1386,5704,,
sedgwick av,1386,5705,,
hart st,1386,5706,,
pita,1386,5707,,
von,1386,5708,,
кет,1386,5709,,
оре,1386,5710,,
sprinter,1385,5711,,
owners,1385,5712,,
meadows,1384,5713,,
us open,1384,5714,,
24 h,1384,5715,,
dads,1384,5716,,
vine,1384,5717,,
instant,1383,5718,,
triboro,1383,5719,,
175 st,1383,5720,,
ihop,1382,5721,,
brc,1382,5722,,
llamadas,1381,5723,,
132 st,1381,5724,,
curo,1381,5725,,
goe,1381,5726,,
peligrosas en un sitio de,1380,5727,,
medical offices,1380,5728,,
bay crane,1380,5729,,
for fire,1380,5730,,
bx15,1380,5731,,
give,1380,5732,,
latm,1380,5733,,
b15,1380,5734,,
neurology,1379,5735,,
bicycle,1379,5736,,
smi,1379,5737,,
locksmiths,1378,5738,,
precision,1378,5739,,
school bu,1378,5740,,
exit 1a,1378,5741,,
rooklyn,1378,5742,,
fumar,1378,5743,,
pole,1378,5744,,
e 169 st,1377,5745,,
oral,1377,5746,,
ouse,1377,5747,,
italian restaurant,1376,5748,,
s conduit,1376,5749,,
one i,1376,5750,,
wwwnycgovbuildings,1375,5751,,
exit 1d,1375,5752,,
ction,1375,5753,,
wigs,1375,5754,,
statewide,1374,5755,,
commons,1374,5756,,
male,1374,5757,,
jer,1374,5758,,
qns,1374,5759,,
10 standing,1373,5760,,
entrange,1373,5761,,
maverick,1373,5762,,
culture,1373,5763,,
reen,1373,5764,,
ois,1373,5765,,
212 9473343,1372,5766,,
red bull,1372,5767,,
e 42 st,1372,5768,,
powers,1372,5769,,
495 long is expwy,1371,5770,,
tool rental,1371,5771,,
nyc daxi,1371,5772,,
shrimp,1371,5773,,
sher,1371,5774,,
downtown brooklyn,1370,5775,,
community bank,1370,5776,,
bruckner blvd,1370,5777,,
bridal,1370,5778,,
ital,1370,5779,,
ltd,1369,5780,,
senior center,1368,5781,,
14 ave,1368,5782,,
cad,1368,5783,,
kit,1368,5784,,
columbia st,1367,5785,,
sund,1367,5786,,
vid,1367,5787,,
won,1367,5788,,
orage,1366,5789,,
wwwnycgovfdny,1365,5790,,
veterinary,1365,5791,,
fillmore,1365,5792,,
barnard,1365,5793,,
ments,1365,5794,,
church bus,1364,5795,,
seguros,1364,5796,,
lotten,1364,5797,,
olice,1364,5798,,
cros,1364,5799,,
spo,1364,5800,,
truck sales  leasing,1363,5801,,
health  beauty aids,1363,5802,,
mediterranean,1363,5803,,
auto group,1363,5804,,
exit 17w,1363,5805,,
wilson,1363,5806,,
aviso,1363,5807,,
peace,1363,5808,,
sang,1363,5809,,
seri,1363,5810,,
custom framing,1362,5811,,
wyck expwy,1362,5812,,
a a,1362,5813,,
fro,1362,5814,,
ith,1362,5815,,
fried chicken  pizza,1361,5816,,
motorcycle,1361,5817,,
33 av,1361,5818,,
steve,1361,5819,,
enue,1361,5820,,
roosevelt av,1360,5821,,
now renting,1360,5822,,
including,1360,5823,,
flavors,1360,5824,,
wholesale club,1359,5825,,
219 st,1359,5826,,
we fix,1359,5827,,
ods,1359,5828,,
beauty supplies,1358,5829,,
dell grocery,1358,5830,,
church ave,1358,5831,,
citi bil,1358,5832,,
available through,1357,5833,,
castleton,1357,5834,,
напкоок,1357,5835,,
netio,1357,5836,,
imp,1357,5837,,
caterers,1356,5838,,
switch,1356,5839,,
regal,1356,5840,,
char,1356,5841,,
doll,1356,5842,,
manhattan civic,1355,5843,,
hot dogs,1355,5844,,
gle 350,1355,5845,,
75 av,1355,5846,,
kim,1355,5847,,
strong,1354,5848,,
aar,1354,5849,,
wyc,1354,5850,,
condominium,1353,5851,,
motor inn,1353,5852,,
liter,1353,5853,,
21o,1353,5854,,
b49,1353,5855,,
no storage permitted on sidewalk shed,1352,5856,,
most insurances accepted,1352,5857,,
pret a manger,1352,5858,,
hov 3 only,1352,5859,,
posi,1352,5860,,
ulta,1352,5861,,
hair cut,1351,5862,,
lotte,1351,5863,,
renta,1351,5864,,
anto,1351,5865,,
disc,1351,5866,,
lefferts bivd,1350,5867,,
ny city call,1349,5868,,
bankruptcy,1349,5869,,
lorimer st,1349,5870,,
krasdale,1349,5871,,
español,1349,5872,,
shuttle,1349,5873,,
cargo express,1348,5874,,
flatlands av,1348,5875,,
amar,1348,5876,,
under new management,1347,5877,,
seventh ave,1347,5878,,
pearl st,1347,5879,,
villa,1347,5880,,
one wi,1346,5881,,
been,1346,5882,,
suny,1346,5883,,
isa,1346,5884,,
jet,1346,5885,,
storag,1345,5886,,
boars head brand,1344,5887,,
yellowstone,1344,5888,,
timberland,1344,5889,,
this vehicle,1343,5890,,
andamio,1343,5891,,
one v,1343,5892,,
ical,1343,5893,,
who,1343,5894,,
queens plaza,1342,5895,,
133 av,1342,5896,,
hala,1342,5897,,
spor,1342,5898,,
port richmond,1341,5899,,
improving,1341,5900,,
houston,1341,5901,,
kissena,1340,5902,,
id bank,1340,5903,,
opel,1340,5904,,
brooklyn ny 11220,1339,5905,,
ike lane,1339,5906,,
exit 54,1339,5907,,
rove,1339,5908,,
v to,1339,5909,,
raw,1339,5910,,
pennsylvania ave,1338,5911,,
foodmarkets,1338,5912,,
free consultation,1337,5913,,
wait area,1337,5914,,
we repair,1337,5915,,
bklynqns,1337,5916,,
versa,1337,5917,,
coff,1337,5918,,
piza,1337,5919,,
b43,1337,5920,,
foc,1337,5921,,
fedex office,1336,5922,,
espressos,1336,5923,,
grab,1336,5924,,
mons,1336,5925,,
dip,1336,5926,,
rub,1336,5927,,
сра,1336,5928,,
bronx ny 10454,1335,5929,,
triborough,1335,5930,,
mond,1335,5931,,
kissena blvd,1334,5932,,
no pets,1334,5933,,
91 st,1334,5934,,
faith,1334,5935,,
haven,1334,5936,,
bway,1334,5937,,
howard av,1333,5938,,
dina,1333,5939,,
lean,1333,5940,,
office supplies,1332,5941,,
l no standing,1332,5942,,
for drive,1332,5943,,
student,1332,5944,,
f000,1332,5945,,
m20,1332,5946,,
prada,1331,5947,,
conn,1331,5948,,
hond,1331,5949,,
mere,1331,5950,,
bene,1330,5951,,
furnit,1329,5952,,
cele,1329,5953,,
cute,1329,5954,,
enco,1329,5955,,
wave,1329,5956,,
state park,1328,5957,,
adults,1328,5958,,
niture,1328,5959,,
5 ave,1328,5960,,
veri,1328,5961,,
jam,1328,5962,,
rim,1328,5963,,
hamburgers,1327,5964,,
i bus lane,1327,5965,,
compramos,1326,5966,,
indromat,1326,5967,,
10 m,1326,5968,,
chec,1326,5969,,
fiso,1326,5970,,
vit,1326,5971,,
airport parking,1325,5972,,
introducing,1325,5973,,
sno parking,1325,5974,,
absolutely,1325,5975,,
nich,1325,5976,,
jan,1325,5977,,
lunch special,1324,5978,,
homeserve,1324,5979,,
12019 g,1324,5980,,
blinds,1324,5981,,
kaeser,1324,5982,,
condo,1324,5983,,
dren,1324,5984,,
combination,1323,5985,,
citi bi,1323,5986,,
clark,1323,5987,,
aven,1323,5988,,
hylan blvd,1322,5989,,
eyelash,1322,5990,,
4 cash,1322,5991,,
120 st,1322,5992,,
guess,1322,5993,,
var,1322,5994,,
your way,1321,5995,,
231 st,1321,5996,,
pilla,1321,5997,,
24 hr active,1320,5998,,
expre,1320,5999,,
avai,1320,6000,,
gone,1320,6001,,
b35,1320,6002,,
since 1898,1319,6003,,
entran,1319,6004,,
squad,1319,6005,,
stage,1319,6006,,
no conduit ave,1318,6007,,
atlantic express,1317,6008,,
7am7pm,1317,6009,,
dragon,1317,6010,,
media,1317,6011,,
900g,1317,6012,,
tir,1317,6013,,
bus  hov 3,1316,6014,,
quick stop,1316,6015,,
lenox av,1316,6016,,
unleaded,1316,6017,,
trust,1316,6018,,
cot,1316,6019,,
lus,1316,6020,,
essex st,1315,6021,,
sherwin,1315,6022,,
board,1315,6023,,
cane,1315,6024,,
drugfree,1314,6025,,
eliot av,1314,6026,,
infiniti,1314,6027,,
tune ups,1314,6028,,
howard,1314,6029,,
tall,1314,6030,,
31o,1314,6031,,
hid,1314,6032,,
pic,1314,6033,,
h carey tun,1313,6034,,
exit 30,1313,6035,,
181 st,1313,6036,,
bage,1313,6037,,
laz,1313,6038,,
cade,1312,6039,,
community center,1311,6040,,
bud light,1311,6041,,
intrepid,1311,6042,,
hue,1311,6043,,
this work site call 311,1310,6044,,
university av,1310,6045,,
bac,1310,6046,,
rts,1310,6047,,
orthodontics,1309,6048,,
church van,1309,6049,,
208 st,1309,6050,,
giros,1309,6051,,
rolex,1309,6052,,
data,1309,6053,,
date,1309,6054,,
note,1309,6055,,
dhe,1309,6056,,
w york,1308,6057,,
gener,1308,6058,,
chel,1308,6059,,
tem,1308,6060,,
markets,1307,6061,,
parks,1307,6062,,
pel,1307,6063,,
pra,1307,6064,,
no engine,1305,6065,,
10 ave,1305,6066,,
45g1,1305,6067,,
acme,1305,6068,,
flo,1305,6069,,
securecomgroupcom,1304,6070,,
travel time to,1304,6071,,
183 st,1304,6072,,
decor,1304,6073,,
lind,1304,6074,,
tec,1304,6075,,
hoyt transportation corp,1303,6076,,
breakfast • lunch,1303,6077,,
metrollus,1303,6078,,
checked,1303,6079,,
jack,1303,6080,,
manh,1303,6081,,
element,1302,6082,,
raffic,1302,6083,,
flushing ny 11354,1301,6084,,
spanish food,1301,6085,,
noon  130pm,1301,6086,,
127 st,1301,6087,,
deaf,1301,6088,,
experts,1300,6089,,
aver,1300,6090,,
dumont av,1299,6091,,
merican,1299,6092,,
bille,1299,6093,,
one y,1299,6094,,
jun,1299,6095,,
pyle people deliver,1298,6096,,
192 st,1298,6097,,
acce,1298,6098,,
order online,1297,6099,,
done here,1297,6100,,
jlg lift,1297,6101,,
pharmact,1297,6102,,
roto,1297,6103,,
seltzer,1296,6104,,
bumf,1296,6105,,
fran,1296,6106,,
aza,1296,6107,,
linden st,1295,6108,,
roa,1295,6109,,
vas,1295,6110,,
licensed electrical contractor,1294,6111,,
mexicanos,1294,6112,,
isto,1294,6113,,
unloading,1293,6114,,
whitney,1293,6115,,
sat  sun,1292,6116,,
148 st,1292,6117,,
doosan,1292,6118,,
excel,1292,6119,,
tang,1292,6120,,
tene,1292,6121,,
eet,1292,6122,,
pickup  delivery,1290,6123,,
realty group,1290,6124,,
2 miles,1290,6125,,
clarks,1290,6126,,
edible,1290,6127,,
temple,1290,6128,,
onl y,1290,6129,,
pack,1290,6130,,
want,1290,6131,,
city waste,1289,6132,,
streeteasy,1289,6133,,
114 st,1289,6134,,
bedford park,1288,6135,,
footwear,1288,6136,,
booth,1288,6137,,
dial,1288,6138,,
pies,1288,6139,,
burritos,1287,6140,,
pus,1287,6141,,
rca,1287,6142,,
attorney,1286,6143,,
available here,1285,6144,,
nycsbus,1285,6145,,
akery,1285,6146,,
national bank,1284,6147,,
how i look,1284,6148,,
gourme,1284,6149,,
ais,1284,6150,,
onf,1284,6151,,
tistoragecom,1283,6152,,
support,1283,6153,,
190 st,1283,6154,,
sally,1283,6155,,
dra,1283,6156,,
ministries,1282,6157,,
shop rite,1282,6158,,
e 61 st,1282,6159,,
navy,1282,6160,,
plat,1282,6161,,
tompkins av,1281,6162,,
arber shop,1281,6163,,
98 st,1281,6164,,
sewer,1281,6165,,
6am  6pm,1280,6166,,
budget®,1280,6167,,
table,1280,6168,,
abco,1280,6169,,
in c,1280,6170,,
bills here,1279,6171,,
brick oven,1279,6172,,
linoleum,1279,6173,,
roast,1279,6174,,
m104,1279,6175,,
ges,1279,6176,,
the mattress,1278,6177,,
brazilian,1278,6178,,
lines,1278,6179,,
nov,1278,6180,,
chicken  pizza,1277,6181,,
dell  grocery,1277,6182,,
bay bridge,1277,6183,,
bell blvd,1277,6184,,
location,1277,6185,,
martin,1277,6186,,
abf,1277,6187,,
8am  10pm,1276,6188,,
back rub,1276,6189,,
nais,1276,6190,,
b41,1276,6191,,
930 am  11am,1275,6192,,
aluminum,1275,6193,,
puppies,1275,6194,,
fedde,1275,6195,,
sealy,1275,6196,,
bang,1275,6197,,
mans,1275,6198,,
pete,1275,6199,,
home improvement,1274,6200,,
empire state,1274,6201,,
no idling,1274,6202,,
49 av,1274,6203,,
cake,1274,6204,,
cove,1274,6205,,
7no,1274,6206,,
aws,1274,6207,,
baychester ave,1273,6208,,
storage post,1273,6209,,
with us,1273,6210,,
tracks,1273,6211,,
turner,1273,6212,,
pollo,1273,6213,,
inco,1273,6214,,
neve,1273,6215,,
tops,1273,6216,,
bnb,1273,6217,,
health  beauty,1272,6218,,
e 14 st,1271,6219,,
29 av,1271,6220,,
bx21,1271,6221,,
sele,1271,6222,,
b63,1271,6223,,
throop av,1270,6224,,
alpine,1270,6225,,
goggle,1270,6226,,
yvek,1270,6227,,
nac,1270,6228,,
e 22 st,1269,6229,,
5 st,1269,6230,,
fill,1269,6231,,
welc,1269,6232,,
unl,1269,6233,,
w 56 st,1268,6234,,
otto,1268,6235,,
tant,1268,6236,,
furnitu,1267,6237,,
jane,1267,6238,,
aco,1267,6239,,
herkimer st,1266,6240,,
partnership,1266,6241,,
e bus lane,1266,6242,,
drivein,1266,6243,,
climate controlled,1265,6244,,
charter school,1265,6245,,
158 st,1264,6246,,
emer,1264,6247,,
hours of operation,1263,6248,,
wwwcassonecom,1263,6249,,
lights,1263,6250,,
combo,1263,6251,,
assembly,1262,6252,,
aramark,1262,6253,,
grass,1262,6254,,
unise,1262,6255,,
ofen,1262,6256,,
ask,1262,6257,,
bou,1262,6258,,
hic,1262,6259,,
gvw 33000,1261,6260,,
wine bar,1261,6261,,
123 st,1261,6262,,
jofaz,1261,6263,,
sions,1261,6264,,
the childrens,1260,6265,,
floral park,1260,6266,,
designs,1260,6267,,
thrift,1260,6268,,
shee,1260,6269,,
shes,1260,6270,,
7am 7pm,1259,6271,,
edge,1259,6272,,
authorized retailer,1258,6273,,
paris baguette,1258,6274,,
westion,1258,6275,,
kery,1258,6276,,
tron,1258,6277,,
cng,1258,6278,,
here with you here for you,1257,6279,,
buildin,1257,6280,,
e 18 st,1257,6281,,
para reportar,1256,6282,,
kissena bivd,1256,6283,,
bad credit,1256,6284,,
no problem,1256,6285,,
delight,1256,6286,,
243 st,1256,6287,,
paid,1256,6288,,
liberty ave,1255,6289,,
paramount,1255,6290,,
all occasions,1254,6291,,
since 1969,1254,6292,,
232 st,1254,6293,,
const,1254,6294,,
qua,1254,6295,,
passengers,1253,6296,,
happening,1253,6297,,
scan,1253,6298,,
justice,1252,6299,,
reserve today,1251,6300,,
pkwy north,1251,6301,,
exit 34,1251,6302,,
dallas,1251,6303,,
essex,1251,6304,,
dua,1251,6305,,
mee,1251,6306,,
wee,1251,6307,,
lone wa,1250,6308,,
cant,1250,6309,,
policen,1249,6310,,
uniform,1249,6311,,
summit,1249,6312,,
vector,1249,6313,,
first steps trans inc,1248,6314,,
bainbridge,1248,6315,,
ave b,1248,6316,,
100d,1248,6317,,
hers,1248,6318,,
sire,1248,6319,,
unch,1248,6320,,
bed bath,1247,6321,,
citi bik,1247,6322,,
riveway,1247,6323,,
yeshiva,1247,6324,,
194 st,1247,6325,,
cube,1247,6326,,
lyca,1247,6327,,
agente autorizado,1246,6328,,
brooklyn ny 11232,1246,6329,,
pentecostal,1246,6330,,
lehman,1246,6331,,
pronto,1246,6332,,
кіл,1246,6333,,
flow,1245,6334,,
meal,1245,6335,,
pool,1245,6336,,
eastern long island,1244,6337,,
flats fixed,1244,6338,,
chips,1244,6339,,
hunts point ave,1243,6340,,
any condition,1243,6341,,
crosstown,1243,6342,,
fire hose,1243,6343,,
70 av,1243,6344,,
viva,1243,6345,,
nsurance,1242,6346,,
216 st,1242,6347,,
centro,1242,6348,,
lore,1242,6349,,
mist,1242,6350,,
gia,1242,6351,,
brick oven pizza,1241,6352,,
radiator,1241,6353,,
visitor,1241,6354,,
221 st,1241,6355,,
fabric,1241,6356,,
jazz,1241,6357,,
cypress av,1240,6358,,
closeouts,1240,6359,,
olympic,1240,6360,,
schod,1240,6361,,
know,1240,6362,,
dmv,1240,6363,,
freightliner,1239,6364,,
bensonhurst,1239,6365,,
help wanted,1239,6366,,
taekwondo,1239,6367,,
accord,1239,6368,,
rare,1239,6369,,
fon,1239,6370,,
ful,1239,6371,,
monday  thursday,1238,6372,,
197 st,1238,6373,,
sabre,1238,6374,,
firs,1238,6375,,
name,1238,6376,,
d015,1238,6377,,
spice,1237,6378,,
rist,1237,6379,,
ary,1237,6380,,
ante,1236,6381,,
red lobster,1235,6382,,
eye exams,1235,6383,,
affinity,1235,6384,,
exhaust,1235,6385,,
dead®,1235,6386,,
diese,1235,6387,,
going,1235,6388,,
anan,1235,6389,,
glas,1235,6390,,
individual cylinder shutoff valves,1234,6391,,
in this area,1234,6392,,
2019 gpogie,1234,6393,,
palmetto st,1234,6394,,
open 24 hr,1234,6395,,
robinson,1234,6396,,
upgrade,1234,6397,,
sens,1234,6398,,
wich,1234,6399,,
icahn stadium,1233,6400,,
matteo,1233,6401,,
season,1233,6402,,
40 av,1233,6403,,
jewel,1233,6404,,
f150,1233,6405,,
b48,1233,6406,,
building supply,1232,6407,,
carlton av,1232,6408,,
carpets,1232,6409,,
2020 g,1232,6410,,
ration,1232,6411,,
housing authority,1231,6412,,
the world,1231,6413,,
aquarium,1231,6414,,
burge,1231,6415,,
comes,1231,6416,,
ross,1231,6417,,
queens biva,1230,6418,,
2019 goi,1230,6419,,
ottery,1230,6420,,
sunda,1230,6421,,
vat,1230,6422,,
passenger exiting,1229,6423,,
decatur st,1229,6424,,
embroidery,1229,6425,,
executive,1229,6426,,
shirt,1229,6427,,
gue,1229,6428,,
glendale,1228,6429,,
rica,1228,6430,,
11r,1228,6431,,
steps,1227,6432,,
bx9,1227,6433,,
tod,1227,6434,,
school busi,1226,6435,,
beautiful,1226,6436,,
n conduit,1226,6437,,
7am6pm,1226,6438,,
amp,1226,6439,,
gic,1226,6440,,
entertainment,1225,6441,,
muebleria,1225,6442,,
anthony,1225,6443,,
libert,1225,6444,,
jor,1225,6445,,
fresh market,1224,6446,,
outerbridge,1224,6447,,
south st,1224,6448,,
through,1224,6449,,
ave w,1224,6450,,
ages,1224,6451,,
sent,1224,6452,,
size,1224,6453,,
restaurant  bakery,1223,6454,,
medical care,1223,6455,,
preferred,1223,6456,,
10 off,1223,6457,,
legacy,1223,6458,,
bones,1223,6459,,
u hau,1223,6460,,
hook,1223,6461,,
pep,1223,6462,,
ule,1223,6463,,
bklynqns expwy,1222,6464,,
greeting cards,1222,6465,,
sports clubs,1222,6466,,
nonstop,1222,6467,,
thruway,1222,6468,,
plant,1222,6469,,
dist,1222,6470,,
alk,1222,6471,,
korean war vets,1221,6472,,
cr bronx expwy,1221,6473,,
apex,1221,6474,,
whe,1221,6475,,
coconut,1220,6476,,
antine,1220,6477,,
seasons,1219,6478,,
covid,1219,6479,,
leach,1219,6480,,
lant,1219,6481,,
bx8,1219,6482,,
communications,1218,6483,,
extension,1218,6484,,
lutheran,1218,6485,,
119 av,1218,6486,,
create,1218,6487,,
dior,1218,6488,,
trac,1218,6489,,
fai,1218,6490,,
affiliates inc,1217,6491,,
shleppers,1217,6492,,
neuhaus,1217,6493,,
ela,1217,6494,,
colonial,1216,6495,,
etro,1216,6496,,
hood,1216,6497,,
ebe,1216,6498,,
at all times,1215,6499,,
morningside,1215,6500,,
arizon,1215,6501,,
carver,1215,6502,,
no g,1215,6503,,
eep,1215,6504,,
lex,1215,6505,,
exit 7 only,1214,6506,,
goethals,1214,6507,,
parkingi,1214,6508,,
93 st,1214,6509,,
gult,1214,6510,,
1st,1214,6511,,
chick,1213,6512,,
jee,1213,6513,,
noe,1213,6514,,
restaurants,1212,6515,,
janitorial,1212,6516,,
go green,1212,6517,,
furni,1212,6518,,
shing,1212,6519,,
ater,1212,6520,,
qx60,1212,6521,,
weichert,1211,6522,,
103 av,1211,6523,,
оск,1211,6524,,
sinai van service,1210,6525,,
mini storagecom,1210,6526,,
play lotto here,1210,6527,,
second right,1210,6528,,
meals,1210,6529,,
rucks,1210,6530,,
alty,1210,6531,,
eee,1210,6532,,
sma,1210,6533,,
cross here,1209,6534,,
commercia,1209,6535,,
arkin,1209,6536,,
4 kv,1209,6537,,
roman catholic church,1208,6538,,
cell phones,1208,6539,,
leonard st,1208,6540,,
powered,1208,6541,,
toohis,1208,6542,,
new y,1208,6543,,
jnix,1208,6544,,
dem,1208,6545,,
hah,1208,6546,,
hempstead ave,1207,6547,,
additional,1207,6548,,
nate,1207,6549,,
supp,1207,6550,,
plumbing supply,1206,6551,,
call now,1206,6552,,
110 st,1206,6553,,
d bank,1206,6554,,
repai,1206,6555,,
exe,1206,6556,,
rite aid pharmacy,1205,6557,,
truck sales corp,1205,6558,,
2022 600g,1205,6559,,
179 st,1205,6560,,
judge,1205,6561,,
nia,1205,6562,,
tac,1205,6563,,
bronx ny 10466,1204,6564,,
used tires,1204,6565,,
no standa,1204,6566,,
minimart,1204,6567,,
theatres,1204,6568,,
exit 47,1204,6569,,
dona,1204,6570,,
vinc,1204,6571,,
gun,1204,6572,,
extraspacecom,1203,6573,,
bfgoodrich,1203,6574,,
the corner,1203,6575,,
architect,1203,6576,,
anywhere,1203,6577,,
minimum,1203,6578,,
jerk,1203,6579,,
were on a roll,1202,6580,,
entrance on,1202,6581,,
houston st,1202,6582,,
northeast,1202,6583,,
e 79 st,1202,6584,,
bx7,1202,6585,,
dependable,1201,6586,,
hot coffee,1201,6587,,
stot,1201,6588,,
trucking inc,1200,6589,,
e 52 st,1200,6590,,
gat,1200,6591,,
qlo,1200,6592,,
1800urrents,1199,6593,,
home center,1199,6594,,
cloisters,1199,6595,,
eer,1199,6596,,
tno,1199,6597,,
citywide,1198,6598,,
bodies,1198,6599,,
centre,1198,6600,,
frank,1198,6601,,
wwwusoscom,1197,6602,,
ates,1197,6603,,
bird,1197,6604,,
cinc,1197,6605,,
upen,1197,6606,,
general contractors,1196,6607,,
hair design,1196,6608,,
tri state,1196,6609,,
client,1196,6610,,
crane,1196,6611,,
suede,1196,6612,,
car  truck,1195,6613,,
93 av,1195,6614,,
bx10,1195,6615,,
dec,1195,6616,,
protected by,1194,6617,,
sackett st,1194,6618,,
2021 g00,1194,6619,,
cigo,1194,6620,,
neme,1194,6621,,
b24,1194,6622,,
lei,1194,6623,,
pcs,1194,6624,,
no fumar,1193,6625,,
nathans,1193,6626,,
19°,1193,6627,,
equipment rental,1192,6628,,
vehicles toned,1192,6629,,
3pm  7pm,1192,6630,,
dinero,1192,6631,,
while,1192,6632,,
for less,1191,6633,,
citiban,1191,6634,,
one kay,1191,6635,,
epoch,1191,6636,,
mano,1191,6637,,
opo,1191,6638,,
tou,1191,6639,,
manhatta,1190,6640,,
exit 2a,1190,6641,,
copper,1190,6642,,
16 st,1190,6643,,
cater,1190,6644,,
the mattress professionals,1189,6645,,
678 van wyck expwy,1189,6646,,
belmont racetrack,1189,6647,,
vanderbilt av,1189,6648,,
built buses,1189,6649,,
nordstrom,1189,6650,,
park lane,1189,6651,,
zimmerman,1189,6652,,
pier 36,1189,6653,,
inl,1189,6654,,
oco,1189,6655,,
brooklyn ny 11236,1188,6656,,
gnc live well,1188,6657,,
on sidewalk,1188,6658,,
attorneys,1188,6659,,
claremont,1188,6660,,
installed,1188,6661,,
schon,1188,6662,,
emp,1188,6663,,
pil,1188,6664,,
first republic bank,1187,6665,,
supply corp,1187,6666,,
superstore,1187,6667,,
wher,1187,6668,,
nop,1187,6669,,
plumbing  heating corp,1186,6670,,
michael kors,1186,6671,,
e 80 st,1186,6672,,
g009,1186,6673,,
college pt bivd,1185,6674,,
exit 7a,1185,6675,,
cio,1185,6676,,
wig,1185,6677,,
st marks av,1184,6678,,
e 16 st,1184,6679,,
garbage,1184,6680,,
aris,1184,6681,,
tals,1184,6682,,
calyer st,1183,6683,,
gray line,1183,6684,,
hazmat,1183,6685,,
berry,1183,6686,,
honey,1183,6687,,
inst,1183,6688,,
vito,1183,6689,,
hot bagels,1182,6690,,
10t,1182,6691,,
collision repair,1181,6692,,
christmas,1181,6693,,
we make,1181,6694,,
stereo,1181,6695,,
830am,1181,6696,,
dark,1181,6697,,
b69,1181,6698,,
fordham rd,1180,6699,,
americ,1180,6700,,
liquo,1180,6701,,
bowl,1180,6702,,
salt,1180,6703,,
lyn,1180,6704,,
party room,1179,6705,,
chevrole,1179,6706,,
elmhurst,1179,6707,,
utility,1179,6708,,
100k,1179,6709,,
hest,1179,6710,,
gvw,1179,6711,,
rar,1179,6712,,
irving av,1178,6713,,
jol,1178,6714,,
sav,1178,6715,,
trading,1177,6716,,
103 st,1177,6717,,
bold,1177,6718,,
bx19,1177,6719,,
hear,1177,6720,,
rug,1177,6721,,
24 hour active driveway,1176,6722,,
toll billed by mail,1176,6723,,
night regulation,1176,6724,,
w 142 st,1176,6725,,
code,1176,6726,,
hip,1176,6727,,
rental office,1175,6728,,
all vehicles,1175,6729,,
velcome,1175,6730,,
senior,1175,6731,,
we bu,1175,6732,,
rico,1175,6733,,
a v,1175,6734,,
barber sho,1174,6735,,
metroplus,1174,6736,,
brokers,1174,6737,,
exit 51,1174,6738,,
jackie,1174,6739,,
girl,1174,6740,,
farmers market,1173,6741,,
refreshing,1173,6742,,
1hr photo,1173,6743,,
57 av,1173,6744,,
blick,1173,6745,,
june,1173,6746,,
lent,1173,6747,,
exc,1173,6748,,
moving supplies,1172,6749,,
ilable,1172,6750,,
mag,1172,6751,,
school bus c,1171,6752,,
avallable,1171,6753,,
red hook,1171,6754,,
e 29 st,1171,6755,,
e 65 st,1171,6756,,
follow,1171,6757,,
rop,1171,6758,,
for sa,1170,6759,,
unioni,1170,6760,,
unitex,1170,6761,,
wabash,1170,6762,,
pring,1170,6763,,
bx31,1170,6764,,
bob,1170,6765,,
truck share 247 uhaulcom,1169,6766,,
follow us,1169,6767,,
ferrari,1169,6768,,
entals,1169,6769,,
senter,1169,6770,,
arn,1169,6771,,
rcn,1169,6772,,
sales  rentals,1168,6773,,
skillman av,1168,6774,,
antime,1168,6775,,
warni,1168,6776,,
lung,1168,6777,,
terr,1168,6778,,
airride equipped,1167,6779,,
health food,1167,6780,,
anger,1167,6781,,
bles,1167,6782,,
mast,1167,6783,,
b12,1167,6784,,
selection,1166,6785,,
a danger,1166,6786,,
streets,1166,6787,,
custo,1166,6788,,
piers,1166,6789,,
a tno,1166,6790,,
22g1,1166,6791,,
horn,1166,6792,,
onel,1166,6793,,
nve,1166,6794,,
auto repair inc,1165,6795,,
board certified,1165,6796,,
clinton av,1165,6797,,
duanercade,1165,6798,,
ice cold,1165,6799,,
merica,1165,6800,,
bx16,1165,6801,,
nysc,1165,6802,,
him,1165,6803,,
car wa,1164,6804,,
garda,1164,6805,,
clas,1164,6806,,
pes,1164,6807,,
condominiums,1163,6808,,
something,1163,6809,,
story av,1163,6810,,
beit,1163,6811,,
like,1163,6812,,
10 parking,1162,6813,,
parker,1162,6814,,
bite,1162,6815,,
cart,1162,6816,,
sunnyside,1161,6817,,
shampoo,1161,6818,,
ory,1161,6819,,
126 st,1160,6820,,
2 0,1160,6821,,
imi,1160,6822,,
front end,1159,6823,,
mayrich,1159,6824,,
eel,1159,6825,,
vlm,1159,6826,,
free delive,1158,6827,,
laurelton,1158,6828,,
envoy,1158,6829,,
inge,1158,6830,,
no €,1158,6831,,
metlife,1157,6832,,
ecolab,1157,6833,,
fusion,1157,6834,,
auti,1157,6835,,
mann,1157,6836,,
geo washington,1156,6837,,
9 2022 go,1156,6838,,
served,1156,6839,,
nicks,1156,6840,,
mitt,1156,6841,,
bir,1156,6842,,
kis,1156,6843,,
roo,1156,6844,,
cambridge,1155,6845,,
hampton,1155,6846,,
panini,1155,6847,,
suppl,1155,6848,,
truck leasing,1154,6849,,
brooklyn av,1154,6850,,
930am,1154,6851,,
stair,1154,6852,,
goc,1154,6853,,
trader joes,1153,6854,,
pharmach,1153,6855,,
e 92 st,1153,6856,,
parkine,1153,6857,,
luxury apartments,1152,6858,,
2022 god,1152,6859,,
bartlett,1152,6860,,
mies,1152,6861,,
rockaway blvd,1151,6862,,
sunset park,1151,6863,,
e 170 st,1151,6864,,
3rd ave,1151,6865,,
e 51 st,1151,6866,,
¾ mile,1151,6867,,
sample,1151,6868,,
iny,1151,6869,,
fresh flowers,1150,6870,,
e 37 st,1150,6871,,
exit 7b,1150,6872,,
ke lane,1150,6873,,
mang,1150,6874,,
olo,1150,6875,,
autocare,1149,6876,,
grilled,1149,6877,,
nick,1149,6878,,
shep,1149,6879,,
premium lube,1148,6880,,
parkside,1148,6881,,
outback,1148,6882,,
subwal,1148,6883,,
nger,1148,6884,,
tank,1148,6885,,
aci,1148,6886,,
millennium,1147,6887,,
spring st,1147,6888,,
propane,1147,6889,,
uses,1147,6890,,
engineering,1146,6891,,
91030 am,1146,6892,,
colombia,1146,6893,,
smoothie,1146,6894,,
day spa,1146,6895,,
mmm,1146,6896,,
retail  wholesale,1145,6897,,
rosedale av,1145,6898,,
2nd fl,1145,6899,,
globe,1145,6900,,
prima,1145,6901,,
free del,1144,6902,,
all may,1144,6903,,
hsbc w,1144,6904,,
i way,1144,6905,,
marcy,1144,6906,,
6 st,1144,6907,,
cid,1144,6908,,
family medicine,1143,6909,,
anniversary,1143,6910,,
exiting,1143,6911,,
free de,1143,6912,,
hostos,1143,6913,,
cubes,1143,6914,,
retai,1143,6915,,
oce,1143,6916,,
saratoga av,1142,6917,,
1½2 miles,1142,6918,,
arden,1142,6919,,
airs,1142,6920,,
bx22,1142,6921,,
unis,1142,6922,,
business zone,1141,6923,,
e 132 st,1141,6924,,
material,1141,6925,,
bacardi,1141,6926,,
vacuum,1141,6927,,
plane,1141,6928,,
rump,1141,6929,,
lun,1141,6930,,
all makes,1140,6931,,
greenwich,1139,6932,,
f mobile,1139,6933,,
heaven,1139,6934,,
iquors,1139,6935,,
bx17,1139,6936,,
litt,1139,6937,,
отто,1139,6938,,
isi,1139,6939,,
no ped crossing,1138,6940,,
205 st,1138,6941,,
jones,1138,6942,,
utz,1138,6943,,
store now open 24 hours,1137,6944,,
contact lenses,1137,6945,,
home of the,1137,6946,,
aution,1137,6947,,
centen,1137,6948,,
coke,1137,6949,,
other times,1136,6950,,
walgreen,1136,6951,,
slope,1136,6952,,
lure,1136,6953,,
sans,1136,6954,,
bienvenidos,1135,6955,,
tel 212,1135,6956,,
cetty,1135,6957,,
offer,1135,6958,,
enti,1135,6959,,
emi,1135,6960,,
pam,1135,6961,,
quisqueyana,1134,6962,,
e gun hill,1134,6963,,
pale,1134,6964,,
vali,1134,6965,,
supermarkets for savings,1133,6966,,
6am  7pm,1133,6967,,
cu cap,1133,6968,,
davita,1133,6969,,
b62,1133,6970,,
trucks and buses,1132,6971,,
live well,1132,6972,,
park pl,1132,6973,,
delive,1132,6974,,
stap,1132,6975,,
coach usa,1131,6976,,
e 66 st,1131,6977,,
20 ave,1131,6978,,
17nd,1131,6979,,
8 am  6pm,1130,6980,,
baltic st,1130,6981,,
seamless,1130,6982,,
west elm,1130,6983,,
andy,1130,6984,,
besi,1130,6985,,
pon,1130,6986,,
remote start,1129,6987,,
clarkson av,1129,6988,,
green •,1129,6989,,
pandora,1129,6990,,
servici,1129,6991,,
hind,1129,6992,,
a bus lane,1128,6993,,
courtest,1128,6994,,
arnold,1128,6995,,
bumps,1128,6996,,
lewis,1128,6997,,
hung,1128,6998,,
tune,1128,6999,,
cigarette,1127,7000,,
long term,1127,7001,,
transi,1127,7002,,
astro,1127,7003,,
illi,1127,7004,,
jays,1127,7005,,
pac,1127,7006,,
triera contracting,1126,7007,,
brookville,1126,7008,,
emergenci,1126,7009,,
7am  5pm,1126,7010,,
exit 45,1126,7011,,
bright,1126,7012,,
walker,1126,7013,,
ramen,1126,7014,,
ubway,1126,7015,,
ener,1126,7016,,
they,1126,7017,,
greenpoint ave,1125,7018,,
apply today,1125,7019,,
dyckman st,1125,7020,,
southbound,1125,7021,,
einstein,1125,7022,,
e 56 st,1125,7023,,
netflix,1125,7024,,
who but,1125,7025,,
ave o,1125,7026,,
plies,1125,7027,,
coma,1125,7028,,
bak,1125,7029,,
2019 gol,1124,7030,,
optica,1124,7031,,
bliss,1124,7032,,
on us,1124,7033,,
coun,1124,7034,,
mex,1124,7035,,
highlander,1123,7036,,
pitkin,1123,7037,,
onda,1123,7038,,
express lube,1122,7039,,
foreclosure,1122,7040,,
orchard,1122,7041,,
worship,1122,7042,,
shan,1122,7043,,
fet,1122,7044,,
murdock av,1121,7045,,
heritage,1121,7046,,
tomorrow,1121,7047,,
corolla,1121,7048,,
e 57 st,1121,7049,,
arthur,1121,7050,,
70 rd,1121,7051,,
coron,1121,7052,,
saint,1121,7053,,
bree,1121,7054,,
vive,1121,7055,,
b61,1121,7056,,
24 hour service,1120,7057,,
bronx new york,1120,7058,,
e 40 st,1120,7059,,
pply,1120,7060,,
wic checks,1119,7061,,
museum mile,1118,7062,,
saturdays,1118,7063,,
trelli,1118,7064,,
trading inc,1117,7065,,
call owner,1117,7066,,
yourself,1117,7067,,
in town,1117,7068,,
elect,1117,7069,,
forte,1117,7070,,
shack,1117,7071,,
broa,1117,7072,,
caro,1117,7073,,
eden,1117,7074,,
kel,1117,7075,,
gentleride van,1116,7076,,
newspaper,1116,7077,,
any size,1116,7078,,
terra,1116,7079,,
trane,1116,7080,,
eric,1116,7081,,
vly,1116,7082,,
noon to,1115,7083,,
144 av,1115,7084,,
sonata,1115,7085,,
lac,1115,7086,,
tio,1115,7087,,
licensed real estate broker,1114,7088,,
fire department,1114,7089,,
wythe av,1114,7090,,
e 55 st,1114,7091,,
e 5 st,1114,7092,,
vesday,1114,7093,,
sides,1114,7094,,
storage is not permitted on the shed,1113,7095,,
entire,1113,7096,,
ait,1113,7097,,
24hr financial services,1112,7098,,
exit 40,1112,7099,,
timpson,1112,7100,,
zeldin,1112,7101,,
aner,1112,7102,,
dama,1112,7103,,
knight frank,1111,7104,,
brooklyns,1111,7105,,
immediate,1111,7106,,
201 st,1111,7107,,
renti,1111,7108,,
where posted,1110,7109,,
homemade,1110,7110,,
you can,1110,7111,,
midas,1110,7112,,
zen,1110,7113,,
chat,1109,7114,,
tle,1109,7115,,
restaurant equipment,1108,7116,,
interior  exterior,1108,7117,,
exterminating,1108,7118,,
victory blvd,1108,7119,,
south shore,1108,7120,,
homegoods,1108,7121,,
ready mix,1108,7122,,
tel 71,1108,7123,,
auty,1108,7124,,
lers,1108,7125,,
second,1107,7126,,
rogle,1107,7127,,
sunglass hut,1106,7128,,
brand new,1106,7129,,
137 av,1106,7130,,
chicke,1106,7131,,
enf,1106,7132,,
canada,1105,7133,,
single,1105,7134,,
lacy,1105,7135,,
gog,1105,7136,,
rpm,1105,7137,,
plumbing  heating inc,1104,7138,,
reliance,1104,7139,,
83010мм,1104,7140,,
keeping,1104,7141,,
b25,1104,7142,,
hap,1104,7143,,
the office superstore,1103,7144,,
still as low as,1103,7145,,
greenwich st,1103,7146,,
will divide,1103,7147,,
pull ahead,1103,7148,,
stericycle,1103,7149,,
brands,1103,7150,,
colony,1103,7151,,
heri,1103,7152,,
papa,1103,7153,,
лат,1103,7154,,
expiration date,1102,7155,,
cellino,1102,7156,,
italy,1102,7157,,
nati,1102,7158,,
nol,1102,7159,,
bronx park,1101,7160,,
jimmy jazz,1101,7161,,
e donuts,1101,7162,,
climate,1101,7163,,
exit 50,1101,7164,,
pleas,1101,7165,,
buse,1101,7166,,
ror,1101,7167,,
flower shop,1100,7168,,
your house,1100,7169,,
radiators,1100,7170,,
exotic,1100,7171,,
1230₽м,1099,7172,,
189 st,1099,7173,,
rced,1099,7174,,
donation center,1098,7175,,
park way,1098,7176,,
brother,1098,7177,,
moni,1098,7178,,
simc,1098,7179,,
pelham parkway,1097,7180,,
prohealth,1097,7181,,
refund,1097,7182,,
95 av,1097,7183,,
radar,1097,7184,,
cold beer  soda,1096,7185,,
crown heights,1096,7186,,
renaissance,1096,7187,,
willing,1096,7188,,
states,1096,7189,,
bx41,1096,7190,,
wwwspscom,1095,7191,,
e 38 st,1095,7192,,
phari,1095,7193,,
itan,1095,7194,,
mani,1095,7195,,
ato,1095,7196,,
brake service,1094,7197,,
photo center,1094,7198,,
178 st,1094,7199,,
24hour,1094,7200,,
borden av,1093,7201,,
e 9 st,1093,7202,,
maste,1093,7203,,
cino,1093,7204,,
n20,1093,7205,,
ous,1093,7206,,
helping the world,1092,7207,,
718 5262623,1092,7208,,
full serve,1092,7209,,
e 64 st,1092,7210,,
e 72 st,1092,7211,,
horizon,1092,7212,,
ella,1092,7213,,
wate,1092,7214,,
a c,1092,7215,,
hut,1092,7216,,
walkin urgent care,1091,7217,,
gvw 25950,1091,7218,,
shoprite,1091,7219,,
w 95 st,1091,7220,,
ameri,1091,7221,,
bally,1091,7222,,
coast,1091,7223,,
rill,1091,7224,,
eld,1091,7225,,
row,1091,7226,,
fabrication,1090,7227,,
shell rd,1090,7228,,
e 35 st,1090,7229,,
economy,1090,7230,,
marquis,1090,7231,,
223 st,1090,7232,,
cherry,1090,7233,,
endico,1090,7234,,
genie,1090,7235,,
coon,1090,7236,,
ibc,1090,7237,,
2022 g00016,1089,7238,,
ups store,1089,7239,,
bx1,1089,7240,,
nou,1089,7241,,
southern bivd,1088,7242,,
lage,1088,7243,,
edi,1088,7244,,
unsafe conditions at this,1087,7245,,
in shared lane,1087,7246,,
cr bronx expy,1087,7247,,
christopher,1087,7248,,
river pkwy,1087,7249,,
soul food,1087,7250,,
ber shop,1087,7251,,
william,1087,7252,,
chasec,1087,7253,,
steam,1087,7254,,
vien,1087,7255,,
sod,1087,7256,,
catholic academy,1086,7257,,
marcus garvey,1086,7258,,
ti storage,1086,7259,,
without,1086,7260,,
bacon,1086,7261,,
vince,1086,7262,,
bla,1086,7263,,
lef,1086,7264,,
thedivorcecentercom,1085,7265,,
so conduit ave,1085,7266,,
banana,1085,7267,,
sts,1085,7268,,
9am  1030 am,1084,7269,,
dance studio,1084,7270,,
car rental,1084,7271,,
candies,1084,7272,,
no left,1084,7273,,
lill,1084,7274,,
nois,1084,7275,,
jos,1084,7276,,
jamaica ny 11434,1083,7277,,
computer repair,1083,7278,,
e 105 st,1083,7279,,
e 26 st,1083,7280,,
mobili,1083,7281,,
c 300,1083,7282,,
mane,1083,7283,,
fen,1083,7284,,
mov,1083,7285,,
bakery  restaurant,1082,7286,,
lno standing,1082,7287,,
sheet metal,1082,7288,,
gvw 25995,1082,7289,,
brinks,1082,7290,,
pecial,1082,7291,,
ake,1082,7292,,
blake av,1081,7293,,
lawyer,1081,7294,,
nv200,1081,7295,,
viper,1081,7296,,
kingsborough,1080,7297,,
truck reatal,1080,7298,,
fresh meats,1080,7299,,
haddads,1080,7300,,
121 st,1080,7301,,
fd ny,1080,7302,,
vista,1080,7303,,
exce,1080,7304,,
limo,1080,7305,,
10a,1080,7306,,
loi,1080,7307,,
five napkin burger,1079,7308,,
first republic,1079,7309,,
balloons,1079,7310,,
dunki,1079,7311,,
o not,1079,7312,,
flag,1079,7313,,
thie,1079,7314,,
thr,1079,7315,,
laza,1078,7316,,
опен,1078,7317,,
11s,1078,7318,,
b14,1078,7319,,
bronxterminalmarket,1077,7320,,
2019 gaogle,1077,7321,,
graham av,1077,7322,,
we carry,1077,7323,,
weddings,1077,7324,,
gelato,1077,7325,,
78 av,1077,7326,,
sung,1077,7327,,
avo,1077,7328,,
wwwedgeautorentalcom,1076,7329,,
rent a car,1076,7330,,
92019 god,1076,7331,,
184 st,1076,7332,,
one ha,1076,7333,,
yogurt,1076,7334,,
phi,1076,7335,,
209 st,1075,7336,,
gull,1075,7337,,
rad,1075,7338,,
buy one,1074,7339,,
nursing,1074,7340,,
cantor,1074,7341,,
unkin,1074,7342,,
blo,1074,7343,,
sac,1074,7344,,
planet fitness,1073,7345,,
todt hill rd,1073,7346,,
e 108 st,1073,7347,,
success,1073,7348,,
liqu,1073,7349,,
distribution,1072,7350,,
crocheron,1072,7351,,
womens,1072,7352,,
adler,1072,7353,,
realt,1072,7354,,
mins,1072,7355,,
baychester,1071,7356,,
foot care,1071,7357,,
seneca av,1071,7358,,
use only,1071,7359,,
channel,1071,7360,,
124 st,1071,7361,,
cation,1071,7362,,
oving,1071,7363,,
speec,1071,7364,,
anes,1071,7365,,
mean,1071,7366,,
10c,1071,7367,,
2022 600gle,1070,7368,,
to fdr dr,1070,7369,,
e 174 st,1070,7370,,
hase o,1070,7371,,
murray,1070,7372,,
allo,1070,7373,,
roya,1070,7374,,
nea,1070,7375,,
repair center,1069,7376,,
prescription,1069,7377,,
1t30am  1pm,1069,7378,,
conner st,1069,7379,,
monster,1069,7380,,
sprin,1069,7381,,
tasty,1069,7382,,
nday,1069,7383,,
hall of science,1068,7384,,
pathmark,1068,7385,,
calvary,1068,7386,,
4pm7pm,1068,7387,,
tortas,1068,7388,,
frame,1068,7389,,
buds,1068,7390,,
nina,1068,7391,,
thop,1068,7392,,
renting office,1067,7393,,
ivery,1067,7394,,
choc,1067,7395,,
thei,1067,7396,,
ici,1067,7397,,
builtin value,1066,7398,,
sweetgreen,1066,7399,,
boston ro,1066,7400,,
try our,1066,7401,,
55 av,1066,7402,,
shed • scaffold • hoist,1065,7403,,
o friedrich,1065,7404,,
skyliner,1065,7405,,
expires,1065,7406,,
tables,1065,7407,,
vegan,1065,7408,,
atio,1065,7409,,
mach,1065,7410,,
administration,1064,7411,,
wes ern beef,1064,7412,,
afgo,1064,7413,,
pros,1064,7414,,
realty services,1063,7415,,
optique,1063,7416,,
anti,1063,7417,,
soundview,1062,7418,,
insuranc,1062,7419,,
workers,1062,7420,,
gougle,1062,7421,,
isions,1062,7422,,
robert,1062,7423,,
winter,1062,7424,,
pere,1062,7425,,
wins,1062,7426,,
sip,1062,7427,,
135 st,1061,7428,,
speci,1061,7429,,
funeral home inc,1060,7430,,
4930 31 place,1060,7431,,
do not park,1060,7432,,
purchase,1060,7433,,
and up,1060,7434,,
e 3 st,1060,7435,,
dave,1060,7436,,
deo,1060,7437,,
transit 350,1059,7438,,
party hall,1059,7439,,
papyrus,1059,7440,,
130 av,1059,7441,,
омат,1059,7442,,
gor,1059,7443,,
iglesia cristiana,1058,7444,,
exit 28,1058,7445,,
signa,1058,7446,,
these,1058,7447,,
zumba,1058,7448,,
lack,1058,7449,,
yur,1058,7450,,
africa,1057,7451,,
built,1057,7452,,
losed,1057,7453,,
luna,1057,7454,,